Binomial.1.2,Order.1.2,Family.1.2,Binomial.Source,BM,BMR,log10BM,log10BMR,Source,Comment
Antilocapra_americana,Cetartiodactyla,Antilocapridae,Antilocapra_americana,37800,9318,4.577491799837225,3.6524283817526033,WhiteSeymore.2003,NA
Connochaetes_taurinus,Cetartiodactyla,Bovidae,Connochaetes_taurinus,196500,41242,5.293362554711446,4.298445393549229,WhiteSeymore.2003,NA
Ovis_canadensis,Cetartiodactyla,Bovidae,Ovis_canadensis,69125,19120,4.839635144312755,3.9645935635804825,WhiteSeymore.2003,NA
Alces_alces,Cetartiodactyla,Cervidae,Alces_alces,325000,51419,5.511883360978874,4.394229301842517,WhiteSeymore.2003,NA
Capreolus_capreolus,Cetartiodactyla,Cervidae,Capreolus_capreolus,21500,8308,4.332438459915605,3.6026021635034624,WhiteSeymore.2003,NA
Odocoileus_virginianus,Cetartiodactyla,Cervidae,Odocoileus_virginianus,58588,25609,4.7678086728873765,4.091498295773762,WhiteSeymore.2003,NA
Pecari_tajacu,Cetartiodactyla,Tayassuidae,Pecari_tajacu,20500,5945,4.311753861055754,3.4572575345951115,WhiteSeymore.2003,NA
Vulpes_lagopus,Carnivora,Canidae,Alopex_lagopus,3600,1374,3.5563025007672873,2.8210924083639326,WhiteSeymore.2003,NA
Canis_latrans,Carnivora,Canidae,Canis_latrans,10000,2687,4,3.1123733420735693,WhiteSeymore.2003,NA
Canis_mesomelas,Carnivora,Canidae,Canis_mesomelas,7720,3860,3.887617300335736,3.269692980312156,WhiteSeymore.2003,NA
Cerdocyon_thous,Carnivora,Canidae,Cerdocyon_thous,5444,1524,3.735918116531297,2.8660906426439827,WhiteSeymore.2003,NA
Vulpes_zerda,Carnivora,Canidae,Fennecus_zerda,1215,583,3.084576277934331,2.448774230399415,WhiteSeymore.2003,NA
Vulpes_macrotis,Carnivora,Canidae,Vulpes_macrotis,1769,887,3.2477278329097232,2.6310292954721275,WhiteSeymore.2003,NA
Vulpes_vulpes,Carnivora,Canidae,Vulpes_vulpes,4440,2442,3.6473829701146196,3.0708513352492646,WhiteSeymore.2003,NA
Acinonyx_jubatus,Carnivora,Felidae,Acinonyx_jubatus,37900,8982,4.578639209968072,3.636478726367097,WhiteSeymore.2003,NA
Puma_concolor,Carnivora,Felidae,Felis_concolor,37200,8842,4.570542939881897,3.6296561862102563,WhiteSeymore.2003,NA
Leopardus_pardalis,Carnivora,Felidae,Felis_pardalis,10500,3126,4.021189299069938,3.1780946493235693,WhiteSeymore.2003,NA
Lynx_rufus,Carnivora,Felidae,Felis_rufus,9400,4220,3.9731278535996988,3.3084181266020747,WhiteSeymore.2003,NA
Leptailurus_serval,Carnivora,Felidae,Felis_serval,10100,3137,4.004321373782642,3.1796201943381464,WhiteSeymore.2003,NA
Leopardus_wiedii,Carnivora,Felidae,Felis_wiedii,3600,937,3.5563025007672873,2.6548452665281794,WhiteSeymore.2003,NA
Herpailurus_yagouaroundi,Carnivora,Felidae,Felis_yagouaroundi,8400,1737,3.9242792860618816,2.9229054940875,WhiteSeymore.2003,NA
Panthera_leo,Carnivora,Felidae,Panthera_leo,98000,16954,4.991226075692495,3.9123778544616914,WhiteSeymore.2003,NA
Panthera_onca,Carnivora,Felidae,Panthera_onca,50400,11189,4.702430536445525,3.731896949488811,WhiteSeymore.2003,NA
Panthera_tigris,Carnivora,Felidae,Panthera_tigris,137900,23995,5.139564266175849,4.063226429908841,WhiteSeymore.2003,NA
Herpestes_sanguineus,Carnivora,Herpestidae,Galerella_sanguinea,540,410,2.7323937598229686,2.2958895323601367,WhiteSeymore.2003,NA
Herpestes_javanicus,Carnivora,Herpestidae,Herpestes_javanicus,611,403,2.786041210242554,2.2884107217815104,WhiteSeymore.2003,NA
Suricata_suricatta,Carnivora,Herpestidae,Suricata_suricatta,850,310,2.929418925714293,2.174467369474674,WhiteSeymore.2003,NA
Hyaena_hyaena,Carnivora,Hyaenidae,Hyaena_hyaena,34300,5728,4.535294120042771,3.4411086849402004,WhiteSeymore.2003,NA
Proteles_cristata,Carnivora,Hyaenidae,Proteles_cristatus,8100,2194,3.90848501887865,3.0243422988790933,WhiteSeymore.2003,NA
Eira_barbara,Carnivora,Mustelidae,Eira_barbara,2950,1221,3.469822015978163,2.7698213395852838,WhiteSeymore.2003,NA
Gulo_gulo,Carnivora,Mustelidae,Gulo_gulo,12700,5694,4.103803720955957,3.4385231384513375,WhiteSeymore.2003,NA
Lutra_lutra,Carnivora,Mustelidae,Lutra_lutra,10000,4500,4,3.3363181894157448,WhiteSeymore.2003,NA
Martes_americana,Carnivora,Mustelidae,Martes_americana,900,595,2.9542425094393248,2.4576226413689506,WhiteSeymore.2003,NA
Martes_martes,Carnivora,Mustelidae,Martes_martes,920,717,2.963787827345555,2.5386248313082014,WhiteSeymore.2003,NA
Meles_meles,Carnivora,Mustelidae,Meles_meles,11050,2984,4.04336227802113,3.1579044944410324,WhiteSeymore.2003,NA
Mustela_erminea,Carnivora,Mustelidae,Mustela_erminea,75,165,1.8750612633917,1.9005896198543073,WhiteSeymore.2003,NA
Mustela_frenata,Carnivora,Mustelidae,Mustela_frenata,225,241,2.3521825181113627,2.0651227182152696,WhiteSeymore.2003,NA
Neovison_vison,Carnivora,Mustelidae,Mustela_vison,660,488,2.8195439355418688,2.3715254976431117,WhiteSeymore.2003,NA
Spilogale_putorius,Carnivora,Mephitidae,Spilogale_putorius,624,300,2.795184589682424,2.1602269303600634,WhiteSeymore.2003,NA
Taxidea_taxus,Carnivora,Mustelidae,Taxidea_taxus,9000,2700,3.9542425094393248,3.1144694397993886,WhiteSeymore.2003,NA
Ailurus_fulgens,Carnivora,Ailuridae,Ailurus_fulgens,5740,878,3.7589118923979736,2.626600191546504,WhiteSeymore.2003,NA
Bassariscus_sumichrasti,Carnivora,Procyonidae,Bassariscus_sumichrasti,1280,634,3.1072099696478683,2.4851949335221337,WhiteSeymore.2003,NA
Nasua_narica,Carnivora,Procyonidae,Nasua_narica,3670,1207,3.5646660642520893,2.7648129457377504,WhiteSeymore.2003,NA
Nasua_nasua,Carnivora,Procyonidae,Nasua_nasua,4000,992,3.6020599913279625,2.6796173477945797,WhiteSeymore.2003,NA
Potos_flavus,Carnivora,Procyonidae,Potos_flavus,2343,796,3.369772288596963,2.58401874337807,WhiteSeymore.2003,NA
Procyon_cancrivorus,Carnivora,Procyonidae,Procyon_cancrivorus,1160,464,3.0644579892269186,2.349623656195282,WhiteSeymore.2003,NA
Procyon_lotor,Carnivora,Procyonidae,Procyon_lotor,5075,1599,3.7054360465852505,2.886954139386636,WhiteSeymore.2003,NA
Melursus_ursinus,Carnivora,Ursidae,Ursus_ursinus,6696,844,3.8258154449852038,2.609448122266056,WhiteSeymore.2003,NA
Arctictis_binturong,Carnivora,Viverridae,Arctictis_binturong,14280,2285,4.154728207440155,3.04199188004627,WhiteSeymore.2003,NA
Arctogalidia_trivirgata,Carnivora,Viverridae,Arctogalidia_trivirgata,2010,553,3.303196057420489,2.4258308069450996,WhiteSeymore.2003,NA
Fossa_fossana,Carnivora,Eupleridae,Fossa_fossana,2260,906,3.3541084391474008,2.640233873317214,WhiteSeymore.2003,NA
Genetta_tigrina,Carnivora,Viverridae,Genetta_tigrina,1698,747,3.229937685907934,2.5564262774557998,WhiteSeymore.2003,NA
Nandinia_binotata,Carnivora,Nandiniidae,Nandinia_binotata,4270,863,3.630427875025024,2.6191164713556105,WhiteSeymore.2003,NA
Paradoxurus_hermaphroditus,Carnivora,Viverridae,Paradoxurus_hermaphroditus,3160,1374,3.499687082618404,2.8210924083639326,WhiteSeymore.2003,NA
Heterohyrax_brucei,Hyracoidea,Procaviidae,Heterohyrax_brucei,2000,720,3.3010299956639813,2.5404381720716698,WhiteSeymore.2003,NA
Dendrohyrax_dorsalis,Hyracoidea,Procaviidae,Dendrohyrax_dorsalis,2210,751,3.3443922736851106,2.5587456126445693,WhiteSeymore.2003,NA
Procavia_capensis,Hyracoidea,Procaviidae,Procavia_capensis,2400,660,3.380211241711606,2.5026496111822696,WhiteSeymore.2003,NA
Procavia_capensis,Hyracoidea,Procaviidae,Procavia_habessinica,2250,900,3.3521825181113627,2.637348185079726,WhiteSeymore.2003,NA
Procavia_capensis,Hyracoidea,Procaviidae,Procavia_johnstoni,2750,1179,3.439332693830263,2.7546194807354905,WhiteSeymore.2003,NA
Amblysomus_hottentotus,Afrosoricida,Chrysochloridae,Amblysomus_hottentotus,70,84.7,1.845098040014257,1.610989085971108,WhiteSeymore.2003,NA
Chrysochloris_asiatica,Afrosoricida,Chrysochloridae,Chrysochloris_asiatica,44,51.5,1.6434526764861874,1.394912904681592,WhiteSeymore.2003,NA
Eremitalpa_granti,Afrosoricida,Chrysochloridae,Eremitalpa_granti_namibensis,20,10,1.3010299956639813,0.683105675640401,WhiteSeymore.2003,NA
Atelerix_albiventris,Eulipotyphla,Erinaceidae,Atelerix_albiventris,450,148.5,2.6532125137753435,1.8548321292936323,WhiteSeymore.2003,NA
Echinosorex_gymnura,Eulipotyphla,Erinaceidae,Echinosorex_gymnura,721.2,504.8,2.8580557180503643,2.386225021876479,WhiteSeymore.2003,NA
Erinaceus_concolor,Eulipotyphla,Erinaceidae,Erinaceus_concolor,822.7,347.2,2.9152414973061944,2.2236853921448554,WhiteSeymore.2003,NA
Erinaceus_europaeus,Eulipotyphla,Erinaceidae,Erinaceus_europaeus,750,337.5,2.8750612633917,2.211379452807445,WhiteSeymore.2003,NA
Hemiechinus_auritus,Eulipotyphla,Erinaceidae,Hemiechinus_auritus,400,152,2.6020599913279625,1.8649492635851737,WhiteSeymore.2003,NA
Hylomys_suillus,Eulipotyphla,Erinaceidae,Hylomys_suillus,57.8,60.1,1.761927838420529,1.4619801476431407,WhiteSeymore.2003,NA
Paraechinus_aethiopicus,Eulipotyphla,Erinaceidae,Paraechinus_aethiopicus,450,112.5,2.6532125137753435,1.7342581980877823,WhiteSeymore.2003,NA
Blarina_brevicauda,Eulipotyphla,Soricidae,Blarina_brevicaudata,20.5,65.6,1.3117538610557542,1.5000095150160613,WhiteSeymore.2003,NA
Blarina_carolinensis,Eulipotyphla,Soricidae,Blarina_carolinensis,10.2,33.7,1.0086001717619175,1.2107355765117398,WhiteSeymore.2003,NA
Crocidura_crossei,Eulipotyphla,Soricidae,Crocidura_crossei,10.2,22.4,1.0086001717619175,1.033353693974564,WhiteSeymore.2003,NA
Crocidura_flavescens,Eulipotyphla,Soricidae,Crocidura_flavescens,33.2,44.5,1.5211380837040362,1.3314656866213326,WhiteSeymore.2003,NA
Crocidura_hildegardeae,Eulipotyphla,Soricidae,Crocidura_hildegardeae,10,26,1,1.098079023611219,WhiteSeymore.2003,NA
Crocidura_leucodon,Eulipotyphla,Soricidae,Crocidura_leucodon,11.7,29.8,1.0681858617461617,1.1573219397166563,WhiteSeymore.2003,NA
Crocidura_luna,Eulipotyphla,Soricidae,Crocidura_luna,11.8,24.8,1.0718820073061255,1.0775573564666174,WhiteSeymore.2003,NA
Crocidura_olivieri,Eulipotyphla,Soricidae,Crocidura_olivieri,38.9,58.4,1.5899496013257077,1.4495185227528007,WhiteSeymore.2003,NA
Crocidura_poensis,Eulipotyphla,Soricidae,Crocidura_poensis,17.3,31.1,1.2380461031287955,1.1758660646672385,WhiteSeymore.2003,NA
Crocidura_russula,Eulipotyphla,Soricidae,Crocidura_russula,10.4,22.9,1.0170333392987803,1.042941157980289,WhiteSeymore.2003,NA
Crocidura_suaveolens,Eulipotyphla,Soricidae,Crocidura_suaveolens,6.5,18.9,0.8129133566428556,0.9595674798136452,WhiteSeymore.2003,NA
Crocidura_viaria,Eulipotyphla,Soricidae,Crocidura_viaria,14.7,22.1,1.167317334748176,1.0274979493255119,WhiteSeymore.2003,NA
Cryptotis_parva,Eulipotyphla,Soricidae,Cryptotis_parva,6.2,19.2,0.7923916894982539,0.9664069043439507,WhiteSeymore.2003,NA
Neomys_anomalus,Eulipotyphla,Soricidae,Neomys_anomalus,13.1,66.8,1.1172712956557642,1.5078821381159468,WhiteSeymore.2003,NA
Neomys_fodiens,Eulipotyphla,Soricidae,Neomys_fodiens,17.1,54.7,1.2329961103921538,1.421093001973832,WhiteSeymore.2003,NA
Notiosorex_crawfordi,Eulipotyphla,Soricidae,Notiosorex_crawfordi,4,13.2,0.6020599913279624,0.803679606846251,WhiteSeymore.2003,NA
Sorex_alpinus,Eulipotyphla,Soricidae,Sorex_alpinus,7.9,48.2,0.8976270912904415,1.3661527138792506,WhiteSeymore.2003,NA
Sorex_araneus,Eulipotyphla,Soricidae,Sorex_araneus,8.05,60.2,0.9057958803678685,1.4627021668982256,WhiteSeymore.2003,NA
Sorex_cinereus,Eulipotyphla,Soricidae,Sorex_cinereus,3.5,31.5,0.5440680443502757,1.1814162294300017,WhiteSeymore.2003,NA
Sorex_coronatus,Eulipotyphla,Soricidae,Sorex_coronatus,9.1,51.9,0.9590413923210935,1.398273033488859,WhiteSeymore.2003,NA
Sorex_minutus,Eulipotyphla,Soricidae,Sorex_minutus,4,30.8,0.6020599913279624,1.1716563921408454,WhiteSeymore.2003,NA
Sorex_ornatus,Eulipotyphla,Soricidae,Sorex_ornatus,9.7,52.3,0.9867717342662449,1.4016073645076754,WhiteSeymore.2003,NA
Sorex_vagrans,Eulipotyphla,Soricidae,Sorex_vagrans,5.2,28.1,0.7160033436347992,1.131811995545481,WhiteSeymore.2003,NA
Suncus_etruscus,Eulipotyphla,Soricidae,Suncus_etruscus,2.4,14.4,0.38021124171160603,0.8414681677356507,WhiteSeymore.2003,NA
Suncus_murinus,Eulipotyphla,Soricidae,Suncus_murinus,30.2,59.5,1.4800069429571505,1.4576226413689506,WhiteSeymore.2003,NA
Condylura_cristata,Eulipotyphla,Talpidae,Condylura_cristata,49,110.3,1.6901960800285136,1.7256811880805916,WhiteSeymore.2003,NA
Neurotrichus_gibbsii,Eulipotyphla,Talpidae,Neurotrichus_gibbsii,11.8,46.5,1.0718820073061255,1.350558628530355,WhiteSeymore.2003,NA
Scalopus_aquaticus,Eulipotyphla,Talpidae,Scalopus_aquaticus,48,67.7,1.6812412373755872,1.5136943443255453,WhiteSeymore.2003,NA
Scapanus_latimanus,Eulipotyphla,Talpidae,Scapanus_latimanus,61,76.2,1.7853298350107671,1.5650606469800017,WhiteSeymore.2003,NA
Scapanus_orarius,Eulipotyphla,Talpidae,Scapanus_orarius,61.2,64.1,1.7867514221455612,1.4899637051592185,WhiteSeymore.2003,NA
Scapanus_townsendii,Eulipotyphla,Talpidae,Scapanus_townsendii,130.1,108.9,2.1142772965615864,1.720133555396176,WhiteSeymore.2003,NA
Echinops_telfairi,Afrosoricida,Tenrecidae,Echinops_telfari,116.4,133.9,2.06595298031387,1.8098862526524102,WhiteSeymore.2003,NA
Geogale_aurita,Afrosoricida,Tenrecidae,Geogale_aurita,6.9,7.7,0.8388490907372553,0.569596400812883,WhiteSeymore.2003,NA
Hemicentetes_nigriceps,Afrosoricida,Tenrecidae,Hemicentetes_nigriceps,101.9,72.5,2.0081741840064264,1.5434436822113948,WhiteSeymore.2003,NA
Hemicentetes_semispinosus,Afrosoricida,Tenrecidae,Hemicentetes_semispinosus,133,64.1,2.123851640967086,1.4899637051592185,WhiteSeymore.2003,NA
Limnogale_mergulus,Afrosoricida,Tenrecidae,Limnogale_mergulus,77.7,55.9,1.8904210188009143,1.4305174835268244,WhiteSeymore.2003,NA
Microgale_cowani,Afrosoricida,Tenrecidae,Microgale_cowani,12.2,32,1.0863598306747482,1.188255653960307,WhiteSeymore.2003,NA
Microgale_dobsoni,Afrosoricida,Tenrecidae,Microgale_dobsoni,44.6,56.4,1.649334858712142,1.4343847796237434,WhiteSeymore.2003,NA
Microgale_talazaci,Afrosoricida,Tenrecidae,Microgale_talazaci,44,43.6,1.6434526764861874,1.3225921649089871,WhiteSeymore.2003,NA
Setifer_setosus,Afrosoricida,Tenrecidae,Setifer_setosus,530,121.9,2.724275869600789,1.769109381258783,WhiteSeymore.2003,NA
Tenrec_ecaudatus,Afrosoricida,Tenrecidae,Tenrec_ecaudatus,650,130.7,2.8129133566428557,1.7993812632209454,WhiteSeymore.2003,NA
Lepus_alleni,Lagomorpha,Leporidae,Lepus_alleni,3000,1650,3.4771212547196626,2.9005896198543075,WhiteSeymore.2003,NA
Lepus_americanus,Lagomorpha,Leporidae,Lepus_americanus,1581,1518,3.198931869932209,2.8643774471998626,WhiteSeymore.2003,NA
Lepus_arcticus,Lagomorpha,Leporidae,Lepus_arcticus,3004.4,1082,3.4777577533081705,2.7173329364109517,WhiteSeymore.2003,NA
Lepus_californicus,Lagomorpha,Leporidae,Lepus_californicus,2300,1311,3.361727836017593,2.8007083673304853,WhiteSeymore.2003,NA
Lepus_timidus,Lagomorpha,Leporidae,Lepus_timidus,3025,2118,3.4807253789884878,3.0090316314118675,WhiteSeymore.2003,NA
Lepus_townsendii,Lagomorpha,Leporidae,Lepus_townsendii,2430,1264,3.385606273598312,2.784852749586767,WhiteSeymore.2003,NA
Oryctolagus_cuniculus,Lagomorpha,Leporidae,Oryctolagus_cuniculus,2000,1140,3.3010299956639813,2.7400105269768735,WhiteSeymore.2003,NA
Sylvilagus_audubonii,Lagomorpha,Leporidae,Sylvilagus_audubonii,672.4,438,2.8276277047674334,2.3245797861445006,WhiteSeymore.2003,NA
Ochotona_princeps,Lagomorpha,Ochotonidae,Ochotona_princeps,109,167,2.037426497940624,1.9058221467879843,WhiteSeymore.2003,NA
Ochotona_dauurica,Lagomorpha,Ochotonidae,Ochotona_dauurica,127.7,249,2.1061908972634154,2.0793050227361376,WhiteSeymore.2003,NA
Elephantulus_brachyrhynchus,Macroscelidea,Macroscelididae,Elephantulus_brachyrhynchus,45.3,43.7,1.6560982020128319,1.323587112610823,WhiteSeymore.2003,NA
Elephantulus_edwardii,Macroscelidea,Macroscelididae,Elephantulus_edwardii,50,54.5,1.6989700043360187,1.4195021779170436,WhiteSeymore.2003,NA
Elephantulus_intufi,Macroscelidea,Macroscelididae,Elephantulus_intufi,46.49,52,1.667359546183087,1.3991090192752003,WhiteSeymore.2003,NA
Elephantulus_myurus,Macroscelidea,Macroscelididae,Elephantulus_myurus,62.97,66.3,1.799133693302063,1.5046192040451742,WhiteSeymore.2003,NA
Elephantulus_rozeti,Macroscelidea,Macroscelididae,Elephantulus_rozeti,45.31,47.8,1.6561940621791857,1.3625335722525198,WhiteSeymore.2003,NA
Elephantulus_rufescens,Macroscelidea,Macroscelididae,Elephantulus_rufescens,53,56.9,1.724275869600789,1.4382179420354722,WhiteSeymore.2003,NA
Macroscelides_proboscideus,Macroscelidea,Macroscelididae,Macroscelides_proboscideus,39,52.3,1.591064607026499,1.4016073645076754,WhiteSeymore.2003,NA
Petrodromus_tetradactylus,Macroscelidea,Macroscelididae,Petrodromus_tetradactylus,206.11,179.5,2.3140990632952843,1.9371701285547391,WhiteSeymore.2003,NA
Manis_crassicaudata,Pholidota,Manidae,Manis_crassicaudata,15910,1241,4.201670179646581,2.776877457139131,WhiteSeymore.2003,NA
Manis_javanica,Pholidota,Manidae,Manis_javanica,4220,1106,3.625312450961674,2.7268608026090804,WhiteSeymore.2003,NA
Phataginus_tetradactyla,Pholidota,Manidae,Manis_tetradactyla,1430,229,3.155336037465062,2.042941157980289,WhiteSeymore.2003,NA
Manis_pentadactyla,Pholidota,Manidae,Manis_pentadactyla,3637.5,668,3.5608030019939636,2.5078821381159466,WhiteSeymore.2003,NA
Phataginus_tricuspis,Pholidota,Manidae,Manis_tricuspis,1365,276,3.1351326513767748,2.124014757705619,WhiteSeymore.2003,NA
Callithrix_jacchus,Primates,Callitrichidae,Callithrix_jacchus,190,152,2.278753600952829,1.8649492635851737,WhiteSeymore.2003,NA
Cebuella_pygmaea,Primates,Callitrichidae,Cebuella_pygmaea,116.8,117,2.0674428427763805,1.7512915373865627,WhiteSeymore.2003,NA
Saguinus_geoffroyi,Primates,Callitrichidae,Saguinus_geoffroyi,225,234,2.3521825181113627,2.0523215330505438,WhiteSeymore.2003,NA
Alouatta_palliata,Primates,Atelidae,Alouatta_palliata,4670,2055,3.6693168805661123,2.9959175018524893,WhiteSeymore.2003,NA
Aotus_trivirgatus,Primates,Aotidae,Aotus_trivirgatus,820,442,2.9138138523837167,2.328527944989493,WhiteSeymore.2003,NA
Saimiri_sciureus,Primates,Cebidae,Saimiri_sciureus,875,801,2.942008053022313,2.586738191724639,WhiteSeymore.2003,NA
Cercopithecus_mitis,Primates,Cercopithecidae,Cercopithecus_mitis,8500,3392,3.929418925714293,3.2135615192250775,WhiteSeymore.2003,NA
Colobus_guereza,Primates,Cercopithecidae,Colobus_guereza,10450,2978,4.019116290447073,3.1570303690565584,WhiteSeymore.2003,NA
Erythrocebus_patas,Primates,Cercopithecidae,Erythrocebus_patas,3000,1068,3.4771212547196626,2.7116769283329387,WhiteSeymore.2003,NA
Papio_anubis,Primates,Cercopithecidae,Papio_anubis,9500,2778,3.9777236052888476,3.126837917041998,WhiteSeymore.2003,NA
Papio_ursinus,Primates,Cercopithecidae,Papio_ursinus,16900,5147,4.227886704613674,3.3946598438905706,WhiteSeymore.2003,NA
Cheirogaleus_medius,Primates,Cheirogaleidae,Cheirogaleus_medius,300,195,2.4771212547196626,1.973140287002919,WhiteSeymore.2003,NA
Propithecus_verreauxi,Primates,Indriidae,Propithecus_verreauxi,3350,670,3.525044807036845,2.5091804783412277,WhiteSeymore.2003,NA
Eulemur_fulvus,Primates,Lemuridae,Eulemur_fulvus,2330,746,3.367355921026019,2.55584450311307,WhiteSeymore.2003,NA
Arctocebus_calabarensis,Primates,Lorisidae,Arctocebus_calabarensis,206,131,2.3138672203691533,1.8003769712961653,WhiteSeymore.2003,NA
Euoticus_elegantulus,Primates,Galagidae,Euoticus_elegantulus,261.5,216,2.417471693203293,2.017559426791332,WhiteSeymore.2003,NA
Galago_moholi,Primates,Galagidae,Galago_moholi,170,51,2.230448921378274,1.3906758517383375,WhiteSeymore.2003,NA
Galago_senegalensis,Primates,Galagidae,Galago_senegalensis,171.5,137,2.2342641243787895,1.819826242796808,WhiteSeymore.2003,NA
Galagoides_demidoff,Primates,Galagidae,Galagoides_demidoff,63.8,59,1.8048206787211623,1.4539576872825453,WhiteSeymore.2003,NA
Loris_tardigradus,Primates,Lorisidae,Loris_tardigradus,284,128,2.4533183400470375,1.7903156452882694,WhiteSeymore.2003,NA
Nycticebus_coucang,Primates,Lorisidae,Nycticebus_coucang,1160,273,3.0644579892269186,2.1192683226811573,WhiteSeymore.2003,NA
Otolemur_crassicaudatus,Primates,Galagidae,Otolemur_crassicaudatus,950,412,2.9777236052888476,2.2980028916735358,WhiteSeymore.2003,NA
Otolemur_garnettii,Primates,Galagidae,Otolemur_garnettii,1314,704,3.118595365223762,2.5306783347825133,WhiteSeymore.2003,NA
Perodicticus_potto,Primates,Lorisidae,Perodicticus_potto,964,327,2.984077033902831,2.197653428300687,WhiteSeymore.2003,NA
Tarsius_syrichta,Primates,Tarsiidae,Tarsius_syrichta,113,77,2.0530784434834195,1.5695964008128829,WhiteSeymore.2003,NA
Tarsius_tarsier,Primates,Tarsiidae,Tarsius_spectrum,173,149,2.2380461031287955,1.856291944052675,WhiteSeymore.2003,NA
Cuniculus_paca,Rodentia,Cuniculidae,Agouti_paca,9156,2746.8,3.9617057840025054,3.121932714362569,WhiteSeymore.2003,NA
Aplodontia_rufa,Rodentia,Aplodontiidae,Aplodontia_rufa,630,277.2,2.7993405494535817,2.1258989015801704,WhiteSeymore.2003,NA
Bathyergus_janetta,Rodentia,Bathyergidae,Bathyergus_janetta,406,215.2,2.6085260335771943,2.0159479426347526,WhiteSeymore.2003,NA
Bathyergus_suillus,Rodentia,Bathyergidae,Bathyergus_suillus,620,303.8,2.792391689498254,2.1656934451671686,WhiteSeymore.2003,NA
Fukomys_bocagei,Rodentia,Bathyergidae,Cryptomys_bocagei,94,69.6,1.9731278535996986,1.5257149152509633,WhiteSeymore.2003,NA
Fukomys_damarensis,Rodentia,Bathyergidae,Cryptomys_damarensis,138,78.7,2.1398790864012365,1.5790804079994656,WhiteSeymore.2003,NA
Fukomys_darlingi,Rodentia,Bathyergidae,Cryptomys_darlingi,60,58.8,1.7781512503836436,1.4524830017165395,WhiteSeymore.2003,NA
Cryptomys_hottentotus,Rodentia,Bathyergidae,Cryptomys_hottentotus,75,67.5,1.8750612633917,1.5124094484714259,WhiteSeymore.2003,NA
Cryptomys_hottentotus,Rodentia,Bathyergidae,Cryptomys_hottentotus_amatus,79.5,55.5,1.9003671286564703,1.4273986587630774,WhiteSeymore.2003,NA
Cryptomys_hottentotus,Rodentia,Bathyergidae,Cryptomys_hottentotus_natalensis,102,81.6,2.0086001717619175,1.5947958343942623,WhiteSeymore.2003,NA
Fukomys_mechowi,Rodentia,Bathyergidae,Cryptomys_mechowi,267,160.2,2.4265112613645754,1.8877681873886198,WhiteSeymore.2003,NA
Georychus_capensis,Rodentia,Bathyergidae,Georychus_capensis,195,115.7,2.290034611362518,1.7464390345921506,WhiteSeymore.2003,NA
Heliophobius_argenteocinereus,Rodentia,Bathyergidae,Heliophobius_argentocinereus,88,74.8,1.9444826721501687,1.5570072735048623,WhiteSeymore.2003,NA
Heterocephalus_glaber,Rodentia,Bathyergidae,Heterocephalus_glaber,32,20.5,1.505149978319906,0.9948595366961555,WhiteSeymore.2003,NA
Capromys_pilorides,Rodentia,Echimyidae,Capromys_pilorides,2630,604.9,3.419955748489758,2.464789260147752,WhiteSeymore.2003,NA
Geocapromys_ingrahami,Rodentia,Echimyidae,Geocapromys_ingrahami,775,265.8,2.88930170250631,2.107660652247114,WhiteSeymore.2003,NA
Geocapromys_brownii,Rodentia,Echimyidae,Geocapromys_brownii,2456,736.8,3.3902283624691303,2.5504552928291937,WhiteSeymore.2003,NA
Cavia_tschudii,Rodentia,Caviidae,Cavia_porcellus,629,346,2.798650645445269,2.2221817744331775,WhiteSeymore.2003,NA
Dolichotis_salinicola,Rodentia,Caviidae,Dolichotis_salinicola,1613,725.9,3.2076343673889616,2.543982472043699,WhiteSeymore.2003,NA
Galea_musteloides,Rodentia,Caviidae,Galea_musteloides,322,264,2.507855871695831,2.104709602510232,WhiteSeymore.2003,NA
Kerodon_rupestris,Rodentia,Caviidae,Kerodon_ruprestris,801,360.5,2.9036325160842376,2.240010944695849,WhiteSeymore.2003,NA
Microcavia_niata,Rodentia,Caviidae,Microcavia_niata,255,175.7,2.406540180433955,1.9278774371356961,WhiteSeymore.2003,NA
Chinchilla_lanigera,Rodentia,Chinchillidae,Chinchilla_laniger,426,200.2,2.629409599102719,1.9845697487837008,WhiteSeymore.2003,NA
Lagostomus_maximus,Rodentia,Chinchillidae,Lagostomus_maximus,6784,1899.5,3.8314858392486575,2.96174497353114,WhiteSeymore.2003,NA
Ctenomys_australis,Rodentia,Ctenomyidae,Ctenomys_australis,340,116.6,2.531478917042255,1.7498042260633964,WhiteSeymore.2003,NA
Ctenomys_fulvus,Rodentia,Ctenomyidae,Ctenomys_fulvus,300,189,2.4771212547196626,1.959567479813645,WhiteSeymore.2003,NA
Ctenomys_maulinus,Rodentia,Ctenomyidae,Ctenomys_maulinus,215,187.1,2.3324384599156054,1.955179463140411,WhiteSeymore.2003,NA
Ctenomys_opimus,Rodentia,Ctenomyidae,Ctenomys_opimus,214,109.7,2.330413773349191,1.723312303215112,WhiteSeymore.2003,NA
Ctenomys_peruanus,Rodentia,Ctenomyidae,Ctenomys_peruanus,490,220.5,2.690196080028514,2.0265142694442586,WhiteSeymore.2003,NA
Ctenomys_talarum,Rodentia,Ctenomyidae,Ctenomys_talarum,121,109.6,2.0827853703164503,1.7229162297887515,WhiteSeymore.2003,NA
Dasyprocta_azarae,Rodentia,Dasyproctidae,Dasyprocta_azarae,3849,1886,3.585347911094591,2.9586473640417106,WhiteSeymore.2003,NA
Dasyprocta_leporina,Rodentia,Dasyproctidae,Dasyprocta_leporina,2687,1558.5,3.4292676664331685,2.87581248225326,WhiteSeymore.2003,NA
Myoprocta_acouchy,Rodentia,Dasyproctidae,Myoprocta_acouchy,914,502.7,2.9609461957338312,2.384414560868476,WhiteSeymore.2003,NA
Dipus_sagitta,Rodentia,Dipodidae,Dipus_sagitta?,160,121.2,2.2041199826559246,1.7666082954706686,WhiteSeymore.2003,NA
Jaculus_jaculus,Rodentia,Dipodidae,Jaculus_jaculus,75,92.3,1.8750612633917,1.6483073766663132,WhiteSeymore.2003,NA
Jaculus_orientalis,Rodentia,Dipodidae,Jaculus_orientalis,139,139,2.143014800254095,1.8261204758944962,WhiteSeymore.2003,NA
Napaeozapus_insignis,Rodentia,Dipodidae,Napaeozapus_insignis,22,39.6,1.3424226808222062,1.2808008615659134,WhiteSeymore.2003,NA
Sicista_betulina,Rodentia,Dipodidae,Sicista_betulina,10,32,1,1.188255653960307,WhiteSeymore.2003,NA
Zapus_hudsonius,Rodentia,Dipodidae,Zapus_hudsonicus,23.8,35.7,1.376576957056512,1.2357738917525944,WhiteSeymore.2003,NA
Proechimys_semispinosus,Rodentia,Echimyidae,Proechimys_semispinosus,498,313.7,2.6972293427597176,2.179620194338146,WhiteSeymore.2003,NA
Thrichomys_apereoides,Rodentia,Echimyidae,Thrichomys_apereoides,323,206.7,2.509202522331103,1.9984461522676893,WhiteSeymore.2003,NA
Coendou_prehensilis,Rodentia,Erethizontidae,Coendou_prehensilis,3280,918.4,3.515873843711679,2.6461375506942995,WhiteSeymore.2003,NA
Erethizon_dorsatum,Rodentia,Erethizontidae,Erethizon_dorsatum,11136,2784,4.046729222266487,3.1277749065789258,WhiteSeymore.2003,NA
Geomys_bursarius,Rodentia,Geomyidae,Geomys_bursaris,197,137.9,2.294466226161593,1.8226699418162509,WhiteSeymore.2003,NA
Geomys_pinetis,Rodentia,Geomyidae,Geomys_pinetis,173,133.2,2.2380461031287955,1.8076099004746833,WhiteSeymore.2003,NA
Thomomys_bottae,Rodentia,Geomyidae,Thomomys_bottae,143,120.1,2.155336037465062,1.762648683043307,WhiteSeymore.2003,NA
Thomomys_talpoides,Rodentia,Geomyidae,Thomomys_talpoides,106.8,142,2.0285712526925375,1.8353940200234575,WhiteSeymore.2003,NA
Thomomys_umbrinus,Rodentia,Geomyidae,Thomomys_umbrinus,85,72.3,1.9294189257142926,1.542243972934932,WhiteSeymore.2003,NA
Chaetodipus_baileyi,Rodentia,Heteromyidae,Chaetodipus_baileyi,29.1,34.5,1.4638929889859074,1.2209247707136752,WhiteSeymore.2003,NA
Chaetodipus_californicus,Rodentia,Heteromyidae,Chaetodipus_californicus,22,21.3,1.3424226808222062,1.0114852790791389,WhiteSeymore.2003,NA
Chaetodipus_fallax,Rodentia,Heteromyidae,Chaetodipus_fallax,19.6,26.9,1.2922560713564761,1.112857955642809,WhiteSeymore.2003,NA
Chaetodipus_hispidus,Rodentia,Heteromyidae,Chaetodipus_hispidus,39.5,49.4,1.5965970956264601,1.376832624564048,WhiteSeymore.2003,NA
Chaetodipus_intermedius,Rodentia,Heteromyidae,Chaetodipus_intermedius,15,17.9,1.1760912590556813,0.9359587066202942,WhiteSeymore.2003,NA
Chaetodipus_penicillatus,Rodentia,Heteromyidae,Chaetodipus_penicillatus,16,22.4,1.2041199826559248,1.033353693974564,WhiteSeymore.2003,NA
Dipodomys_agilis,Rodentia,Heteromyidae,Dipodomys_agilis,60.6,63.6,1.7824726241662863,1.486562791288815,WhiteSeymore.2003,NA
Dipodomys_deserti,Rodentia,Heteromyidae,Dipodomys_deserti,106,92.2,2.0253058652647704,1.6478365966940305,WhiteSeymore.2003,NA
Dipodomys_heermanni,Rodentia,Heteromyidae,Dipodomys_heermanni,63.3,73.2,1.801403710017355,1.5476167566987928,WhiteSeymore.2003,NA
Dipodomys_merriami,Rodentia,Heteromyidae,Dipodomys_merriami,36.5,42.5,1.5622928644564746,1.3114946056907126,WhiteSeymore.2003,NA
Dipodomys_microps,Rodentia,Heteromyidae,Dipodomys_microps,57.2,66.9,1.7573960287930241,1.5085317934082243,WhiteSeymore.2003,NA
Dipodomys_nitratoides,Rodentia,Heteromyidae,Dipodomys_nitratoides,37.8,46.1,1.5774917998372253,1.3468066010300492,WhiteSeymore.2003,NA
Dipodomys_ordii,Rodentia,Heteromyidae,Dipodomys_ordii,46.8,64.2,1.670245853074124,1.4906407037092544,WhiteSeymore.2003,NA
Dipodomys_panamintinus,Rodentia,Heteromyidae,Dipodomys_panamintinus,64.2,74.3,1.8075350280688534,1.5540944894009763,WhiteSeymore.2003,NA
Heteromys_anomalus,Rodentia,Heteromyidae,Heteromys_anomalus,69.3,100.5,1.8407332346118068,1.6852717373969088,WhiteSeymore.2003,NA
Heteromys_desmarestianus,Rodentia,Heteromyidae,Heteromys_desmarestianus,75.8,99.1,1.8796692056320534,1.6791793301256763,WhiteSeymore.2003,NA
Heteromys_irroratus,Rodentia,Heteromyidae,Liomys_irroratus,48.1,53.9,1.6821450763738317,1.4146944408271398,WhiteSeymore.2003,NA
Heteromys_salvini,Rodentia,Heteromyidae,Liomys_salvani,43.8,46.9,1.6414741105040995,1.3542785183554844,WhiteSeymore.2003,NA
Microdipodops_megacephalus,Rodentia,Heteromyidae,Microdipodops_megacephalus,11,30.2,1.0413926851582251,1.1631126185975518,WhiteSeymore.2003,NA
Microdipodops_pallidus,Rodentia,Heteromyidae,Microdipodops_pallidus,15.2,19.8,1.1818435879447726,0.9797708659019322,WhiteSeymore.2003,NA
Perognathus_flavus,Rodentia,Heteromyidae,Perognathus_flavus,8.3,17.3,0.919078092376074,0.9211517787691965,WhiteSeymore.2003,NA
Perognathus_longimembris,Rodentia,Heteromyidae,Perognathus_longimembris,8.9,9.5,0.9493900066449128,0.6608292809292489,WhiteSeymore.2003,NA
Hydrochoerus_hydrochaeris,Rodentia,Caviidae,Hydrochaeris_hydrochaeris,26385,6596.3,4.421357098513142,3.5024060747932593,WhiteSeymore.2003,NA
Hystrix_africaeaustralis,Rodentia,Hystricidae,Hystrix_africaeaustralis,11300,2361.7,4.05307844348342,3.056330405234875,WhiteSeymore.2003,NA
Abrothrix_lanosus,Rodentia,Cricetidae,Abrothrix_lanosus,24,45.6,1.380211241711606,1.342070518304836,WhiteSeymore.2003,NA
Abrothrix_longipilis,Rodentia,Cricetidae,Abrothrix_longipilis,42.3,57.5,1.6263403673750423,1.4427735203300316,WhiteSeymore.2003,NA
Acomys_cahirinus,Rodentia,Muridae,Acomys_cahirinus,42,46.2,1.6232492903979006,1.3477476511965265,WhiteSeymore.2003,NA
Acomys_russatus,Rodentia,Muridae,Acomys_russatus,55.55,42.9,1.7446840632768863,1.3155629678251253,WhiteSeymore.2003,NA
Acomys_spinosissimus,Rodentia,Muridae,Acomys_spinosissimus,27.02,44.1,1.4316853446860118,1.3275442651082396,WhiteSeymore.2003,NA
Acomys_subspinosus,Rodentia,Muridae,Acomys_subspinosus,32.25,83.4,1.5085297189712865,1.6042717262781399,WhiteSeymore.2003,NA
Aethomys_namaquensis,Rodentia,Muridae,Aethomys_namaquensis,64.2,56.8,1.8075350280688534,1.43745401135142,WhiteSeymore.2003,NA
Akodon_albiventer,Rodentia,Cricetidae,Akodon_albiventer,31,46.5,1.4913616938342726,1.350558628530355,WhiteSeymore.2003,NA
Akodon_azarae,Rodentia,Cricetidae,Akodon_azarae,24,40.8,1.380211241711606,1.293765838730281,WhiteSeymore.2003,NA
Alticola_argentatus,Rodentia,Cricetidae,Alticola_argentatus,37.7,121,1.5763413502057928,1.765891045956851,WhiteSeymore.2003,NA
Apodemus_flavicollis,Rodentia,Muridae,Apodemus_flavicollis,23.9,43.3,1.3783979009481377,1.3195935719937666,WhiteSeymore.2003,NA
Apodemus_witherbyi,Rodentia,Muridae,Apodemus_hermonensis,20.5,50,1.3117538610557542,1.38207567997642,WhiteSeymore.2003,NA
Apodemus_mystacinus,Rodentia,Muridae,Apodemus_mystacinus,40.4,56,1.606381365110605,1.4312937026466015,WhiteSeymore.2003,NA
Apodemus_sylvaticus,Rodentia,Muridae,Apodemus_sylvaticus,23.9,43.3,1.3783979009481377,1.3195935719937666,WhiteSeymore.2003,NA
Arborimus_longicaudus,Rodentia,Cricetidae,Arborimus_longicaudus,21.8,58.9,1.3384564936046048,1.4532209704275028,WhiteSeymore.2003,NA
Arvicola_amphibius,Rodentia,Cricetidae,Arvicola_terrestris,92,106.7,1.9637878273455553,1.711270095064871,WhiteSeymore.2003,NA
Loxodontomys_micropus,Rodentia,Cricetidae,Auliscomys_micropus,62.3,97.8,1.7944880466591695,1.6734445304280026,WhiteSeymore.2003,NA
Baiomys_taylori,Rodentia,Cricetidae,Baiomys_taylori,7.15,17.1,0.8543060418010806,0.9161017860325549,WhiteSeymore.2003,NA
Calomys_lepidus,Rodentia,Calomyscidae,Calomys_ducilla?,16,28.8,1.2041199826559248,1.1424981633996318,WhiteSeymore.2003,NA
Calomys_musculinus,Rodentia,Calomyscidae,Calomys_musculinus,16.9,27.6,1.2278867046136734,1.1240147577056188,WhiteSeymore.2003,NA
Calomys_venustus,Rodentia,Calomyscidae,Calomys_venustus,50.1,74.7,1.6998377258672457,1.5564262774558,WhiteSeymore.2003,NA
Cannomys_badius,Rodentia,Spalacidae,Cannomys_badius,344,172,2.53655844257153,1.91863412254795,WhiteSeymore.2003,NA
Chelemys_macronyx,Rodentia,Cricetidae,Chelemys_macronyx,62,84.3,1.792391689498254,1.6089332502651434,WhiteSeymore.2003,NA
Chionomys_nivalis,Rodentia,Cricetidae,Chionomys_nivalis,32.8,81,1.515873843711679,1.5915906945190508,WhiteSeymore.2003,NA
Abrothrix_andinus,Rodentia,Cricetidae,Chroeomys_anadinus,34.6,64.7,1.5390760987927767,1.4940099563091016,WhiteSeymore.2003,NA
Abrothrix_olivaceus,Rodentia,Cricetidae,Chroeomys_olivaceus,27,49.4,1.4313637641589874,1.376832624564048,WhiteSeymore.2003,NA
Myodes_glareolus,Rodentia,Cricetidae,Cleithrionomys_glareolus,23.4,63.4,1.3692158574101427,1.4851949335221337,WhiteSeymore.2003,NA
Myodes_rufocanus,Rodentia,Cricetidae,Cleithrionomys_rufocanus,27,59.4,1.4313637641589874,1.4568921206215946,WhiteSeymore.2003,NA
Myodes_rutilus,Rodentia,Cricetidae,Cleithrionomys_rutilus,28,77,1.4471580313422192,1.5695964008128829,WhiteSeymore.2003,NA
Myodes_californicus,Rodentia,Cricetidae,Clethrionomys_californicus,18.3,61.1,1.2624510897304295,1.4691468858829553,WhiteSeymore.2003,NA
Myodes_gapperi,Rodentia,Cricetidae,Clethrionomys_gapperi,22.3,49.3,1.3483048630481607,1.375952594917631,WhiteSeymore.2003,NA
Conilurus_penicillatus,Rodentia,Muridae,Conilurus_penicillatus,213.2,162.7,2.3287872003545345,1.8944932285772598,WhiteSeymore.2003,NA
Cricetomys_gambianus,Rodentia,Nesomyidae,Cricetomys_gambianus,1870,1140.7,3.271841606536499,2.740277117187667,WhiteSeymore.2003,NA
Cricetulus_migratorius,Rodentia,Cricetidae,Cricetulus_migratorius,30.7,43.9,1.4871383754771865,1.3255701958825223,WhiteSeymore.2003,NA
Cricetus_cricetus,Rodentia,Cricetidae,Cricetus_cricetus,362,231.7,2.558708570533166,2.0480317094303766,WhiteSeymore.2003,NA
Desmodillus_auricularis,Rodentia,Muridae,Desmodillus_auricularis,71.93,87.8,1.8569100603007862,1.6266001915465036,WhiteSeymore.2003,NA
Dicrostonyx_groenlandicus,Rodentia,Cricetidae,Dicrostonyx_groenlandicus,59.62,98.8,1.775391971696612,1.6778626202280291,WhiteSeymore.2003,NA
Eligmodontia_typus,Rodentia,Cricetidae,Eligmodontia_typus,17.5,29.9,1.2430380486862944,1.1587768639648306,WhiteSeymore.2003,NA
Euneomys_chinchilloides,Rodentia,Cricetidae,Euneomys_chinchilloides,65.4,84.4,1.8155777483242672,1.6094481222660562,WhiteSeymore.2003,NA
Gerbillurus_paeba,Rodentia,Muridae,Gerbillurus_paeba,33.9,34.8,1.530199698203082,1.224684919586982,WhiteSeymore.2003,NA
Gerbillurus_setzeri,Rodentia,Muridae,Gerbillurus_setzeri,46.1,37,1.6637009253896482,1.251307399707396,WhiteSeymore.2003,NA
Gerbillurus_tytonis,Rodentia,Muridae,Gerbillurus_tytonis,29.9,31.7,1.4756711883244296,1.1841649378581527,WhiteSeymore.2003,NA
Gerbillurus_vallinus,Rodentia,Muridae,Gerbillurus_vallinus,38.8,34.8,1.5888317255942073,1.224684919586982,WhiteSeymore.2003,NA
Gerbillus_andersoni,Rodentia,Muridae,Gerbillus_allenybi,35.3,38.8,1.5477747053878226,1.2719374012346083,WhiteSeymore.2003,NA
Gerbillus_dasyurus,Rodentia,Muridae,Gerbillus_dasyurus,27.6,29.3,1.4409090820652177,1.1499732959945106,WhiteSeymore.2003,NA
Gerbillus_gerbillus,Rodentia,Muridae,Gerbillus_gerbillus,29.7,42.5,1.4727564493172123,1.3114946056907126,WhiteSeymore.2003,NA
Gerbillus_nanus,Rodentia,Muridae,Gerbillus_nanus,28.4,22.2,1.4533183400470377,1.0294586500910397,WhiteSeymore.2003,NA
Gerbillus_perpallidus,Rodentia,Muridae,Gerbillus_perpallidus,52.4,43.5,1.7193312869837267,1.3215949325950385,WhiteSeymore.2003,NA
Gerbillus_pusillus,Rodentia,Muridae,Gerbillus_pusillus,12.6,13.5,1.100370545117563,0.8134394441354071,WhiteSeymore.2003,NA
Gerbillus_pyramidum,Rodentia,Muridae,Gerbillus_pyramidum,108.5,81.4,2.0354297381845483,1.5937300805296024,WhiteSeymore.2003,NA
Graomys_griseoflavus,Rodentia,Cricetidae,Graomys_griseoflavus,69.4,84,1.841359470454855,1.6073849617022828,WhiteSeymore.2003,NA
Hydromys_chrysogaster,Rodentia,Muridae,Hydromys_chrysogaster,900,528.3,2.9542425094393248,2.4059862863273405,WhiteSeymore.2003,NA
Isthmomys_pirrensis,Rodentia,Cricetidae,Isthmomys_pirrensis,137.9,121.4,2.13956426617585,1.7673243623796397,WhiteSeymore.2003,NA
Lemmiscus_curtatus,Rodentia,Cricetidae,Lagurus_curtatus,30.3,50.3,1.481442628502305,1.3846736606963284,WhiteSeymore.2003,NA
Lemmus_lemmus,Rodentia,Cricetidae,Lemmus_lemmus,80,192,1.9030899869919435,1.9664069043439507,WhiteSeymore.2003,NA
Lemmus_sibiricus,Rodentia,Cricetidae,Lemmus_sibericus,50.2,90.2,1.7007037171450194,1.6383122131823429,WhiteSeymore.2003,NA
Lemniscomys_griselda,Rodentia,Muridae,Lemniscomys_griselda,47.5,57.6,1.6766936096248666,1.443528159063613,WhiteSeymore.2003,NA
Lemniscomys_rosalia,Rodentia,Muridae,Lemniscomys_rosalia,50.53,61.5,1.7035492982382305,1.4719807914158178,WhiteSeymore.2003,NA
Malacothrix_typica,Rodentia,Nesomyidae,Malacothrix_typica,21.7,20.6,1.3364597338485296,0.9969728960095544,WhiteSeymore.2003,NA
Auliscomys_boliviensis,Rodentia,Cricetidae,Maresomys_boliviensis,76.8,110.6,1.885361220031512,1.7268608026090806,WhiteSeymore.2003,NA
Mastomys_natalensis,Rodentia,Muridae,Mastomys_natalensis,41.5,32.8,1.6180480967120927,1.19897951935208,WhiteSeymore.2003,NA
Megadontomys_thomasi,Rodentia,Cricetidae,Megadontomys_thomasi,110.8,124.1,2.044539760392411,1.7768774571391308,WhiteSeymore.2003,NA
Meriones_hurrianae,Rodentia,Muridae,Meriones_hurriane,69,54.5,1.8388490907372552,1.4195021779170436,WhiteSeymore.2003,NA
Meriones_tristrami,Rodentia,Muridae,Meriones_tristrami,112,98.6,2.0492180226701815,1.6769825905816123,WhiteSeymore.2003,NA
Meriones_unguiculatus,Rodentia,Muridae,Meriones_unguiculatus,67,77.1,1.8260748027008264,1.570160053691358,WhiteSeymore.2003,NA
Mesocricetus_auratus,Rodentia,Cricetidae,Mesocricetus_auratus,98,147,1.9912260756924949,1.850423010388577,WhiteSeymore.2003,NA
Micromys_minutus,Rodentia,Muridae,Micromys_minutus,7.37,21.1,0.8674674878590515,1.0073881309380939,WhiteSeymore.2003,NA
Microtus_agrestis,Rodentia,Cricetidae,Microtus_agrestis,28,63.6,1.4471580313422192,1.486562791288815,WhiteSeymore.2003,NA
Microtus_arvalis,Rodentia,Cricetidae,Microtus_arvalis,20,62,1.3010299956639813,1.475497365138655,WhiteSeymore.2003,NA
Lasiopodomys_brandtii,Rodentia,Cricetidae,Microtus_brandti,40.2,76.8,1.60422605308447,1.5684668956719132,WhiteSeymore.2003,NA
Microtus_breweri,Rodentia,Cricetidae,Microtus_breweri,53.1,73.8,1.725094521081469,1.5511620374634427,WhiteSeymore.2003,NA
Microtus_californicus,Rodentia,Cricetidae,Microtus_californicus,44,68.2,1.6434526764861874,1.51689005029688,WhiteSeymore.2003,NA
Microtus_guentheri,Rodentia,Cricetidae,Microtus_guentheri,43.8,80.2,1.6414741105040995,1.5872800439245647,WhiteSeymore.2003,NA
Microtus_longicaudus,Rodentia,Cricetidae,Microtus_longicaudus,28.6,67.5,1.4563660331290431,1.5124094484714259,WhiteSeymore.2003,NA
Microtus_mexicanus,Rodentia,Cricetidae,Microtus_mexicanus,28.8,46.9,1.4593924877592308,1.3542785183554844,WhiteSeymore.2003,NA
Microtus_montanus,Rodentia,Cricetidae,Microtus_montanus,35.1,83.3,1.545307116465824,1.6037506770471888,WhiteSeymore.2003,NA
Microtus_ochrogaster,Rodentia,Cricetidae,Microtus_ochrogaster,46.7,79.1,1.6693168805661123,1.5812821591380777,WhiteSeymore.2003,NA
Microtus_oeconomus,Rodentia,Cricetidae,Microtus_oeconomus,33.7,100.9,1.5276299008713388,1.6869968418773116,WhiteSeymore.2003,NA
Microtus_pennsylvanicus,Rodentia,Cricetidae,Microtus_pennsylvanicus,38.9,75.1,1.5899496013257077,1.5587456126445696,WhiteSeymore.2003,NA
Microtus_pinetorum,Rodentia,Cricetidae,Microtus_pinetorum,25.5,58.4,1.4065401804339552,1.4495185227528007,WhiteSeymore.2003,NA
Microtus_richardsoni,Rodentia,Cricetidae,Microtus_richardsoni,65.65,128,1.817234730425498,1.7903156452882694,WhiteSeymore.2003,NA
Microtus_subterraneus,Rodentia,Cricetidae,Microtus_subterraneus,17.8,49.5,1.250420002308894,1.37771087457397,WhiteSeymore.2003,NA
Microtus_townsendii,Rodentia,Cricetidae,Microtus_townsendii,52.2,90.4,1.717670503002262,1.6392741061157643,WhiteSeymore.2003,NA
Microtus_xanthognathus,Rodentia,Cricetidae,Microtus_xanthognathus,68.5,98.6,1.8356905714924256,1.6769825905816123,WhiteSeymore.2003,NA
Millardia_meltada,Rodentia,Muridae,Millardia_meltada,67.4,58.6,1.8286598965353198,1.4510032916584916,WhiteSeymore.2003,NA
Mus_minutoides,Rodentia,Muridae,Mus_minutoides,8.06,24,0.9063350418050907,1.0633169173520072,WhiteSeymore.2003,NA
Mus_spretus,Rodentia,Muridae,Mus_spretus,21.8,61.9,1.3384564936046048,1.4747963246605191,WhiteSeymore.2003,NA
Myopus_schisticolor,Rodentia,Cricetidae,Myopus_schisticolor,26.4,93.5,1.421603926869831,1.6539172865129188,WhiteSeymore.2003,NA
Mystromys_albicaudatus,Rodentia,Nesomyidae,Mystromys_albicaudatus,93.78,126.8,1.9721102284028305,1.786224929186115,WhiteSeymore.2003,NA
Spalax_ehrenbergi,Rodentia,Spalacidae,Nannospalax_ehrenbergi_2n_=_52,138,118.7,2.1398790864012365,1.7575563945949924,WhiteSeymore.2003,NA
Spalax_ehrenbergi,Rodentia,Spalacidae,Nannospalax_ehrenbergi_2n_=_54,134,101.8,2.1271047983648077,1.690853453641141,WhiteSeymore.2003,NA
Spalax_ehrenbergi,Rodentia,Spalacidae,Nannospalax_ehrenbergi_2n_=_60,134,82.8,2.1271047983648077,1.6011360124252811,WhiteSeymore.2003,NA
Spalax_leucodon,Rodentia,Spalacidae,Nannospalax_leucodon,201,148.7,2.303196057420489,1.8554166441623554,WhiteSeymore.2003,NA
Neofiber_alleni,Rodentia,Cricetidae,Neofiber_alleni,258.1,216.8,2.411788004543869,2.0191649535067504,WhiteSeymore.2003,NA
Neotoma_albigula,Rodentia,Cricetidae,Neotoma_albigula,183,134.5,2.2624510897304293,1.8118279599788278,WhiteSeymore.2003,NA
Neotoma_cinerea,Rodentia,Cricetidae,Neotoma_cinerea,205.1,168.6,2.3119656603683665,1.9099632459291245,WhiteSeymore.2003,NA
Neotoma_fuscipes,Rodentia,Cricetidae,Neotoma_fuscipes,187,147.7,2.271841606536499,1.8524861709523506,WhiteSeymore.2003,NA
Neotoma_lepida,Rodentia,Cricetidae,Neotoma_lepida,110,86.9,2.041392685158225,1.6221254520890676,WhiteSeymore.2003,NA
Notomys_alexis,Rodentia,Muridae,Notomys_alexis,32.3,45.2,1.5092025223311027,1.3382441104517833,WhiteSeymore.2003,NA
Notomys_cervinus,Rodentia,Muridae,Notomys_cervinus,34.2,41.7,1.534026106056135,1.3032417306141586,WhiteSeymore.2003,NA
Ochrotomys_nuttalli,Rodentia,Cricetidae,Ochrotomys_nuttalli,19.5,27.1,1.290034611362518,1.1160749665148069,WhiteSeymore.2003,NA
Oligoryzomys_longicaudatus,Rodentia,Cricetidae,Oligoryzomys_longicaudatus,28.2,51,1.4502491083193612,1.3906758517383375,WhiteSeymore.2003,NA
Ondatra_zibethicus,Rodentia,Cricetidae,Ondatra_zibethicus,1004.6,642.9,3.0019931738235304,2.491249101401892,WhiteSeymore.2003,NA
Onychomys_torridus,Rodentia,Cricetidae,Onychomys_torridus,19.1,29.6,1.2810333672477277,1.1543973866993396,WhiteSeymore.2003,NA
Otomys_irroratus,Rodentia,Muridae,Otomys_irroratus,102,84.9,2.0086001717619175,1.6120133658843538,WhiteSeymore.2003,NA
Otomys_sloggetti,Rodentia,Muridae,Otomys_sloggetti,113.29,133.7,2.054191576796432,1.8092370829023854,WhiteSeymore.2003,NA
Otomys_unisulcatus,Rodentia,Muridae,Otomys_unisulcatus,96,106.6,1.9822712330395684,1.7108628803309545,WhiteSeymore.2003,NA
Oxymycterus_roberti,Rodentia,Cricetidae,Oxymycterus_roberti,83.5,91,1.921686475483602,1.6421470679614947,WhiteSeymore.2003,NA
Parotomys_brantsii,Rodentia,Muridae,Parotomys_brantsii,86.5,83.9,1.9370161074648142,1.6068676364691015,WhiteSeymore.2003,NA
Peromyscus_boylii,Rodentia,Cricetidae,Peromyscus_boylii,23.2,54.3,1.3654879848908996,1.417905505229248,WhiteSeymore.2003,NA
Peromyscus_californicus,Rodentia,Cricetidae,Peromyscus_californicus,47.6,52.4,1.677606952720493,1.4024369626241278,WhiteSeymore.2003,NA
Peromyscus_californicus,Rodentia,Cricetidae,Peromyscus_c._insignis,45.5,45.5,1.6580113966571124,1.3411170722975134,WhiteSeymore.2003,NA
Peromyscus_californicus,Rodentia,Cricetidae,Peromyscus_c._parasiticus,49.6,58,1.6954816764901974,1.4465336692033384,WhiteSeymore.2003,NA
Peromyscus_crinitus,Rodentia,Cricetidae,Peromyscus_crinitus,15.9,25.1,1.2013971243204515,1.0827793971214392,WhiteSeymore.2003,NA
Peromyscus_eremicus,Rodentia,Cricetidae,Peromyscus_eremicus,21.5,33.1,1.3324384599156054,1.20293366941612,WhiteSeymore.2003,NA
Peromyscus_gossypinus,Rodentia,Cricetidae,Peromyscus_gossypinus,21.5,37,1.3324384599156054,1.251307399707396,WhiteSeymore.2003,NA
Peromyscus_leucopus,Rodentia,Cricetidae,Peromyscus_leucopus,20,33.2,1.3010299956639813,1.2042437593444375,WhiteSeymore.2003,NA
Peromyscus_leucopus,Rodentia,Cricetidae,Peromyscus_l._noveboracensis,26,57.2,1.414973347970818,1.4405017044334252,WhiteSeymore.2003,NA
Peromyscus_maniculatus,Rodentia,Cricetidae,Peromyscus_maniculatus,22.8,36.9,1.3579348470004537,1.2501320417994615,WhiteSeymore.2003,NA
Peromyscus_maniculatus,Rodentia,Cricetidae,Peromyscus_m.artemisidae,23.19,46.1,1.3653007486379873,1.3468066010300492,WhiteSeymore.2003,NA
Peromyscus_maniculatus,Rodentia,Cricetidae,Peromyscus_m._austerus,19.53,39.8,1.2907022432878543,1.2829887477140889,WhiteSeymore.2003,NA
Peromyscus_maniculatus,Rodentia,Cricetidae,Peromyscus_m._sonoriensis,20.38,37.5,1.3092041796704075,1.2571369433681199,WhiteSeymore.2003,NA
Peromyscus_megalops,Rodentia,Cricetidae,Peromyscus_megalops,66.2,90.7,1.8208579894397,1.6407129627004964,WhiteSeymore.2003,NA
Peromyscus_keeni,Rodentia,Cricetidae,Peromyscus_oreas,24.58,43.5,1.3905818785504354,1.3215949325950385,WhiteSeymore.2003,NA
Peromyscus_polionotus,Rodentia,Cricetidae,Peromyscus_polionotus,12,21.5,1.0791812460476249,1.0155441355560064,WhiteSeymore.2003,NA
Peromyscus_keeni,Rodentia,Cricetidae,Peromyscus_sitkensis,28.3,46.7,1.4517864355242902,1.3524225562065133,WhiteSeymore.2003,NA
Peromyscus_truei,Rodentia,Cricetidae,Peromyscus_truei_gilberti,33.3,62.6,1.5224442335063197,1.4796800088508308,WhiteSeymore.2003,NA
Peromyscus_truei,Rodentia,Cricetidae,Peromyscus_truei_truei,33.2,50.8,1.5211380837040362,1.3889693879243203,WhiteSeymore.2003,NA
Phenacomys_intermedius,Rodentia,Cricetidae,Phenacomys_intermedius,21.5,67.3,1.3324384599156054,1.511120739864378,WhiteSeymore.2003,NA
Phodopus_sungorus,Rodentia,Cricetidae,Phodopus_sungorus,25.7,40.9,1.4099331233312946,1.294828983647743,WhiteSeymore.2003,NA
Phyllotis_darwini,Rodentia,Cricetidae,Phyllotis_darwini_chilensis,49,65.7,1.6901960800285136,1.500671045200182,WhiteSeymore.2003,NA
Phyllotis_darwini,Rodentia,Cricetidae,Phyllotis_darwini_darwini,59,71.4,1.7708520116421442,1.5368038874165755,WhiteSeymore.2003,NA
Phyllotis_darwini,Rodentia,Cricetidae,Phyllotis_darwini_rupestris,36,45.4,1.5563025007672873,1.340161528497505,WhiteSeymore.2003,NA
Phyllotis_magister,Rodentia,Cricetidae,Phyllotis_magister,62.8,69,1.797959643737196,1.5219547663776565,WhiteSeymore.2003,NA
Phyllotis_xanthopygus,Rodentia,Cricetidae,Phyllotis_xanthopygus,55,56.7,1.7403626894942439,1.4366887345333077,WhiteSeymore.2003,NA
Podomys_floridanus,Rodentia,Cricetidae,Podomys_floridanus,30.8,51.7,1.4885507165004443,1.3965962187343437,WhiteSeymore.2003,NA
Pseudomys_gracilicaudatus,Rodentia,Muridae,Pseudomys_gracilicaudatus,79.8,83.8,1.9020028913507294,1.6063496942706776,WhiteSeymore.2003,NA
Pseudomys_hermannsburgensis,Rodentia,Muridae,Pseudomys_hermannsburgensis,12.2,23.3,1.0863598306747482,1.0504615966664201,WhiteSeymore.2003,NA
Rattus_colletti,Rodentia,Muridae,Rattus_colletti,165.7,123,2.219322508419337,1.773010787079799,WhiteSeymore.2003,NA
Rattus_fuscipes,Rodentia,Muridae,Rattus_fuscipes,76,84.4,1.8808135922807914,1.6094481222660562,WhiteSeymore.2003,NA
Rattus_lutreolus,Rodentia,Muridae,Rattus_lutreolis,109,63.2,2.037426497940624,1.4838227539227862,WhiteSeymore.2003,NA
Rattus_sordidus,Rodentia,Muridae,Rattus_sordidus,187,106.6,2.271841606536499,1.7108628803309545,WhiteSeymore.2003,NA
Rattus_villosissimus,Rodentia,Muridae,Rattus_villosissimus,250.6,145.8,2.398981066658131,1.8468631996223568,WhiteSeymore.2003,NA
Reithrodon_auritus,Rodentia,Cricetidae,Reithrodon_auritus,78.7,76.8,1.8959747323590646,1.5684668956719132,WhiteSeymore.2003,NA
Reithrodontomys_megalotis,Rodentia,Cricetidae,Reithrodontomys_megalotis,9,22.5,0.9542425094393249,1.0352881937517635,WhiteSeymore.2003,NA
Rhabdomys_pumilio,Rodentia,Muridae,Rhabdomys_pumilio,39.6,32.1,1.5976951859255124,1.1896107080452731,WhiteSeymore.2003,NA
Saccostomus_campestris,Rodentia,Nesomyidae,Saccostomus_campestris,61.3,51.5,1.787460474518415,1.394912904681592,WhiteSeymore.2003,NA
Scotinomys_teguina,Rodentia,Cricetidae,Scotinomys_teguina,12,31.2,1.0791812460476249,1.177260269658844,WhiteSeymore.2003,NA
Scotinomys_xerampelinus,Rodentia,Cricetidae,Scotinomys_xerampelinus,15.2,31.9,1.1818435879447726,1.1868963586975823,WhiteSeymore.2003,NA
Sekeetamys_calurus,Rodentia,Muridae,Sekeetamys_calurus,56.9,44.4,1.7551122663950711,1.330488645755021,WhiteSeymore.2003,NA
Sigmodon_alleni,Rodentia,Cricetidae,Sigmodon_alleni,137.8,203.3,2.139249217571607,1.9912430542784396,WhiteSeymore.2003,NA
Sigmodon_fulviventer,Rodentia,Cricetidae,Sigmodon_fulviventer,137.8,207.4,2.139249217571607,1.9999144276934233,WhiteSeymore.2003,NA
Sigmodon_hispidus,Rodentia,Cricetidae,Sigmodon_hispidus,139.3,230.4,2.1439511164239633,2.0455881503915756,WhiteSeymore.2003,NA
Sigmodon_leucotis,Rodentia,Cricetidae,Sigmodon_leucotis,128.6,186.5,2.109240968588203,1.9537845117851074,WhiteSeymore.2003,NA
Sigmodon_ochrognathus,Rodentia,Cricetidae,Sigmodon_ochrognathus,115.1,154.2,2.0610753236297916,1.8711900493553393,WhiteSeymore.2003,NA
Steatomys_pratensis,Rodentia,Nesomyidae,Steatomys_pratensis,37.54,18.8,1.5744942682853276,0.957263524904081,WhiteSeymore.2003,NA
Stochomys_longicaudatus,Rodentia,Muridae,Stochomys_longicaudatus,84.2,97.5,1.9253120914996495,1.6721102913389378,WhiteSeymore.2003,NA
Tachyoryctes_splendens,Rodentia,Spalacidae,Tachyoryctes_splendens,191,150.9,2.2810333672477277,1.861794915415991,WhiteSeymore.2003,NA
Gerbilliscus_afra,Rodentia,Muridae,Tatera_afra,106.5,182.1,2.0273496077747564,1.943415621435321,WhiteSeymore.2003,NA
Tatera_indica,Rodentia,Muridae,Tatera_indica,87,75.7,1.9395192526186185,1.5622015551404738,WhiteSeymore.2003,NA
Gerbilliscus_leucogaster,Rodentia,Muridae,Tatera_leucogaster,157.62,132.6,2.197611323169714,1.8056491997091555,WhiteSeymore.2003,NA
Thallomys_paedulcus,Rodentia,Muridae,Thallomys_paedulcus,132.4,87.3,2.121887985103681,1.6241199193459708,WhiteSeymore.2003,NA
Uromys_caudimaculatus,Rodentia,Muridae,Uromys_caudimaculatus,812,570.8,2.9095560292411755,2.4395896400830104,WhiteSeymore.2003,NA
Glis_glis,Rodentia,Gliridae,Myoxus_glis,200,158,2.3010299956639813,1.881762762594824,WhiteSeymore.2003,NA
Muscardinus_avellanarius,Rodentia,Gliridae,Muscardenis_avellanarius,23.5,63,1.3710678622717363,1.4824462250939827,WhiteSeymore.2003,NA
Graphiurus_ocularis,Rodentia,Gliridae,Graphiurus_ocularis,67.8,66.4,1.8312296938670634,1.5052737550084185,WhiteSeymore.2003,NA
Aconaemys_fuscus,Rodentia,Octodontidae,Aconaemys_fuscus,112,121,2.0492180226701815,1.765891045956851,WhiteSeymore.2003,NA
Octodon_bridgesi,Rodentia,Octodontidae,Octodon_bridgesi,176.1,183.3,2.245759355967277,1.9462681406026177,WhiteSeymore.2003,NA
Octodon_degus,Rodentia,Octodontidae,Octodon_degus,193,170.2,2.285557309007774,1.9140652313889701,WhiteSeymore.2003,NA
Octodon_lunatus,Rodentia,Octodontidae,Octodon_lunatus,173.2,171.5,2.2385478876813276,1.9173698000191906,WhiteSeymore.2003,NA
Octodontomys_gliroides,Rodentia,Octodontidae,Octodontomys_gliroides,152,130.7,2.1818435879447726,1.7993812632209454,WhiteSeymore.2003,NA
Octomys_mimax,Rodentia,Octodontidae,Octomys_mimax,118.6,115,2.074084689028244,1.7438035159940128,WhiteSeymore.2003,NA
Spalacopus_cyanus,Rodentia,Octodontidae,Spalacopus_cyanus,135,106.8,2.130333768495006,1.7116769283329387,WhiteSeymore.2003,NA
Tympanoctomys_barrerae,Rodentia,Octodontidae,Tympanoctomys_barrerae,71.4,77.1,1.8536982117761744,1.570160053691358,WhiteSeymore.2003,NA
Pedetes_capensis,Rodentia,Pedetidae,Pedetes_capensis,2300,793.5,3.361727836017593,2.5826526067312683,WhiteSeymore.2003,NA
Ammospermophilus_leucurus,Rodentia,Sciuridae,Ammospermophilus_leucurus,95.7,93.9,1.9809119377768436,1.6557712679065122,WhiteSeymore.2003,NA
Cynomys_ludovicianus,Rodentia,Sciuridae,Cynomys_ludovicanus,1112.3,422.7,3.0462219372216364,2.30913792346942,WhiteSeymore.2003,NA
Epixerus_ebii,Rodentia,Sciuridae,Epixerus_wilsoni,460,241.5,2.662757831681574,2.066022810727932,WhiteSeymore.2003,NA
Funisciurus_congicus,Rodentia,Sciuridae,Funisciurus_congicus,112.3,95.5,2.050379756261458,1.6631090472241474,WhiteSeymore.2003,NA
Funisciurus_isabella,Rodentia,Sciuridae,Funisciurus_isabella,60,102.1,1.7781512503836436,1.6921314177273112,WhiteSeymore.2003,NA
Funisciurus_lemniscatus,Rodentia,Sciuridae,Funisciurus_lemnisciatus,95,89.6,1.9777236052888478,1.6354136853025263,WhiteSeymore.2003,NA
Funisciurus_pyrropus,Rodentia,Sciuridae,Funisciurus_pyrrhopus,244,181.3,2.387389826338729,1.9415034797359099,WhiteSeymore.2003,NA
Glaucomys_volans,Rodentia,Sciuridae,Glaucomys_volans,64.25,67.5,1.807873132003332,1.5124094484714259,WhiteSeymore.2003,NA
Heliosciurus_rufobrachium,Rodentia,Sciuridae,Heliosciurus_rufobrachium,230,133.4,2.361727836017593,1.8082615052209314,WhiteSeymore.2003,NA
Marmota_flaviventris,Rodentia,Sciuridae,Marmota_flaviventris,4295,1546.2,3.632963168167261,2.8723713445749492,WhiteSeymore.2003,NA
Marmota_monax,Rodentia,Sciuridae,Marmota_monax,2650,662.5,3.423245873936808,2.5042915582492467,WhiteSeymore.2003,NA
Paraxerus_cepapi,Rodentia,Sciuridae,Paraxerus_cepapi,223.6,145.3,2.3494717992143856,1.8453712899384227,WhiteSeymore.2003,NA
Paraxerus_palliatus,Rodentia,Sciuridae,Paraxerus_palliatus_ornatus,366.6,260.3,2.564192460626198,2.098579843749637,WhiteSeymore.2003,NA
Paraxerus_palliatus,Rodentia,Sciuridae,Paraxerus_palliatus_tongensis,206,175.1,2.3138672203691533,1.9263918217238472,WhiteSeymore.2003,NA
Sciurus_aberti,Rodentia,Sciuridae,Sciurus_aberti,624,430.6,2.795184589682424,2.3171797011278694,WhiteSeymore.2003,NA
Sciurus_carolinensis,Rodentia,Sciuridae,Sciurus_carolinensis,440,369.6,2.6434526764861874,2.2508376381884703,WhiteSeymore.2003,NA
Urocitellus_armatus,Rodentia,Sciuridae,Spermophilus_armatus,320,147.2,2.505149978319906,1.8510134856418812,WhiteSeymore.2003,NA
Otospermophilus_beecheyi,Rodentia,Sciuridae,Spermophilus_beecheyi,599.6,317.8,2.777861624176242,2.185259568511762,WhiteSeymore.2003,NA
Urocitellus_beldingi,Rodentia,Sciuridae,Spermophilus_beldingi,303,127.3,2.481442628502305,1.7879340792940566,WhiteSeymore.2003,NA
Spermophilus_citellus,Rodentia,Sciuridae,Spermophilus_citellus,240,228,2.380211241711606,2.041040522640855,WhiteSeymore.2003,NA
Callospermophilus_lateralis,Rodentia,Sciuridae,Spermophilus_lateralis,237,143.4,2.374748346010104,1.8396548269721824,WhiteSeymore.2003,NA
Xerospermophilus_mohavensis,Rodentia,Sciuridae,Spermophilus_mohavensis,240,112.8,2.380211241711606,1.7354147752877245,WhiteSeymore.2003,NA
Urocitellus_parryii,Rodentia,Sciuridae,Spermophilus_parryi,650,520,2.8129133566428557,2.3991090192752003,WhiteSeymore.2003,NA
Urocitellus_richardsonii,Rodentia,Sciuridae,Spermophilus_richardsoni,274,131.5,2.437750562820388,1.8020314284661778,WhiteSeymore.2003,NA
Callospermophilus_saturatus,Rodentia,Sciuridae,Spermophilus_satutatus,252.2,161.4,2.401745082237063,1.8910092060264527,WhiteSeymore.2003,NA
Xerospermophilus_spilosoma,Rodentia,Sciuridae,Spermophilus_spilosoma,174,92.2,2.2405492482826,1.6478365966940305,WhiteSeymore.2003,NA
Xerospermophilus_tereticaudus,Rodentia,Sciuridae,Spermophilus_tereticaudus,167,93.5,2.2227164711475833,1.6539172865129188,WhiteSeymore.2003,NA
Urocitellus_townsendii,Rodentia,Sciuridae,Spermophilus_townsendii,229,105.3,2.359835482339888,1.7055340468258875,WhiteSeymore.2003,NA
Ictidomys_tridecemlineatus,Rodentia,Sciuridae,Spermophilus_tridecemlineatus,205.4,140.4,2.3126004392612596,1.8304727834341876,WhiteSeymore.2003,NA
Urocitellus_undulatus,Rodentia,Sciuridae,Spermophilus_undulatus,680,667.1,2.832508912706236,2.5072966162929844,WhiteSeymore.2003,NA
Neotamias_alpinus,Rodentia,Sciuridae,Tamias_alpinus,39,57.7,1.591064607026499,1.4442814887961326,WhiteSeymore.2003,NA
Neotamias_amoenus,Rodentia,Sciuridae,Tamias_amoenus,57.1,96.3,1.7566361082458481,1.6667319627649355,WhiteSeymore.2003,NA
Neotamias_merriami,Rodentia,Sciuridae,Tamias_merriami,75,78.8,1.8750612633917,1.5796318931299564,WhiteSeymore.2003,NA
Neotamias_minimus,Rodentia,Sciuridae,Tamias_minimus,45.8,72.7,1.6608654780038692,1.544640086499439,WhiteSeymore.2003,NA
Neotamias_palmeri,Rodentia,Sciuridae,Tamias_palmeri,69.4,113.1,1.841359470454855,1.7365682805658564,WhiteSeymore.2003,NA
Tamias_striatus,Rodentia,Sciuridae,Tamias_striatus,87.4,90,1.941511432634403,1.637348185079726,WhiteSeymore.2003,NA
Tamiasciurus_hudsonicus,Rodentia,Sciuridae,Tamiasciurus_hudsonicus,228.3,254.6,2.3585059114902354,2.088964074958038,WhiteSeymore.2003,NA
Tamiasciurus_hudsonicus,Rodentia,Sciuridae,Tamiasciurus_hudsonicus_preblei,202,323.2,2.305351369446624,2.1925770277429497,WhiteSeymore.2003,NA
Xerus_inauris,Rodentia,Sciuridae,Xerus_inauris,542,326.3,2.733999286538387,2.196722749428276,WhiteSeymore.2003,NA
Xerus_princeps,Rodentia,Sciuridae,Xerus_princeps,602,340.1,2.7795964912578244,2.2147123075731234,WhiteSeymore.2003,NA
Ptilocercus_lowii,Scandentia,Ptilocercidae,Pltilocerus_lowii,58,43.5,1.7634279935629373,1.3215949325950385,WhiteSeymore.2003,NA
Tupaia_glis,Scandentia,Tupaiidae,Tupaia_glis,123,93.5,2.089905111439398,1.6539172865129188,WhiteSeymore.2003,NA
Urogale_everetti,Scandentia,Tupaiidae,Urogale_everetti,260.6,224.1,2.415974411376566,2.0335475321754624,WhiteSeymore.2003,NA
Orycteropus_afer,Tubulidentata,Orycteropodidae,Orycteropus_afer,48000,6144,4.681241237375588,3.4715568826638568,WhiteSeymore.2003,NA
Bradypus_variegatus,Pilosa,Bradypodidae,Bradypus_variegatus,3790,686,3.578639209968072,2.519429791347153,WhiteSeymore.2003,NA
Cabassous_centralis,Cingulata,CingulataFam,Cabassous_centralis,4330,917,3.6364878963533656,2.645475011310422,WhiteSeymore.2003,NA
Chaetophractus_vellerosus,Cingulata,CingulataFam,Chaetophractus_nationi,2150,559,3.3324384599156054,2.4305174835268244,WhiteSeymore.2003,NA
Chaetophractus_vellerosus,Cingulata,CingulataFam,Chaetophractus_vellerosus,1110,306,3.0453229787866576,2.168827102121981,WhiteSeymore.2003,NA
Chaetophractus_villosus,Cingulata,CingulataFam,Chaetophractus_villosus,4540,808,3.6570558528571038,2.590517036414987,WhiteSeymore.2003,NA
Dasypus_novemcinctus,Cingulata,CingulataFam,Dasypus_novemcinctus,3510,865,3.545307116465824,2.620121783105215,WhiteSeymore.2003,NA
Euphractus_sexcinctus,Cingulata,CingulataFam,Euphractus_sexcinctus,8190,1237,3.9132839017604186,2.775475375269522,WhiteSeymore.2003,NA
Priodontes_maximus,Cingulata,CingulataFam,Priodontes_maximus,45190,3028,4.655042341331201,3.1642615464684365,WhiteSeymore.2003,NA
Tolypeutes_matacus,Cingulata,CingulataFam,Tolypeutes_matacus,1160,210,3.0644579892269186,2.0053249703743203,WhiteSeymore.2003,NA
Zaedyus_pichiy,Cingulata,CingulataFam,Zaedyus_pichi,1740,393,3.2405492482826,2.277498226015828,WhiteSeymore.2003,NA
Choloepus_hoffmanni,Pilosa,Megalonychidae,Choloepus_hoffmanni,3770,603,3.576341350205793,2.4634229877805525,WhiteSeymore.2003,NA
Cyclopes_didactylus,Pilosa,Cyclopedidae,Cyclopes_didactylus,240,114,2.380211241711606,1.7400105269768738,WhiteSeymore.2003,NA
Myrmecophaga_tridactyla,Pilosa,Myrmecophagidae,Myrmecophaga_tridactyla,30600,2607,4.48572142648158,3.09924670680873,WhiteSeymore.2003,NA
Tamandua_mexicana,Pilosa,Myrmecophagidae,Tamandua_mexicana,3977,992,3.59955559098598,2.6796173477945797,WhiteSeymore.2003,NA
Tamandua_tetradactyla,Pilosa,Myrmecophagidae,Tamandua_tetradactyla,3500,899,3.5440680443502757,2.63686536737363,WhiteSeymore.2003,NA
Antechinomys_laniger,Dasyuromorphia,Dasyuridae,Antechinomys_laniger,25.8,25.3,1.4116197059632303,1.086226196816219,WhiteSeymore.2003,NA
Antechinomys_laniger,Dasyuromorphia,Dasyuridae,Antechinomys_laniger_?spenceri?,24.2,23.7,1.3838153659804313,1.057854021650505,WhiteSeymore.2003,NA
Antechinus_flavipes,Dasyuromorphia,Dasyuridae,Antechinus_flavipes,46.5,45.1,1.667452952889954,1.3372822175183616,WhiteSeymore.2003,NA
Antechinus_stuartii,Dasyuromorphia,Dasyuridae,Antechinus_stuartii,28.2,33.8,1.4502491083193612,1.2120223759180557,WhiteSeymore.2003,NA
Antechinus_swainsonii,Dasyuromorphia,Dasyuridae,Antechinus_swainsoni,66.9,63,1.825426117767823,1.4824462250939827,WhiteSeymore.2003,NA
Dasycercus_cristicauda,Dasyuromorphia,Dasyuridae,Dasycercus_cristicaudata,101,51,2.0043213737826426,1.3906758517383375,WhiteSeymore.2003,NA
Dasyuroides_byrnei,Dasyuromorphia,Dasyuridae,Dasyuroides_byrnei,91.7,71.7,1.9623693356700211,1.5386248313082012,WhiteSeymore.2003,NA
Dasyurus_geoffroii,Dasyuromorphia,Dasyuridae,Dasyurus_geoffroyi,1354,568.7,3.1316186643491255,2.4379889038925686,WhiteSeymore.2003,NA
Dasyurus_hallucatus,Dasyuromorphia,Dasyuridae,Dasyurus_hallucatus,558,243,2.7466341989375787,2.0687119492387134,WhiteSeymore.2003,NA
Dasyurus_maculatus,Dasyuromorphia,Dasyuridae,Dasyurus_maculatus,1782,588.1,3.250907699700856,2.4525568550424386,WhiteSeymore.2003,NA
Dasyurus_viverrinus,Dasyuromorphia,Dasyuridae,Dasyurus_viverrinus,982,396.2,2.9921114877869495,2.281020146842929,WhiteSeymore.2003,NA
Ningaui_yvonneae,Dasyuromorphia,Dasyuridae,Ningaui_yvonnae,11.6,15.7,1.0644579892269184,0.8790053280496348,WhiteSeymore.2003,NA
Phascogale_tapoatafa,Dasyuromorphia,Dasyuridae,Phascogale_tapoatafa,157,127.2,2.1958996524092336,1.787592786952796,WhiteSeymore.2003,NA
Planigale_gilesi,Dasyuromorphia,Dasyuridae,Planigale_gilesi,9.1,7,0.9590413923210935,0.5282037156546578,WhiteSeymore.2003,NA
Planigale_ingrami,Dasyuromorphia,Dasyuridae,Planigale_ingrami,7.1,11.3,0.8512583487190752,0.7361841191238208,WhiteSeymore.2003,NA
Planigale_maculata,Dasyuromorphia,Dasyuridae,Planigale_maculata,10.8,12,1.0334237554869496,0.7622869216880259,WhiteSeymore.2003,NA
Planigale_tenuirostris,Dasyuromorphia,Dasyuridae,Planigale_tenuirostris,7.1,11.3,0.8512583487190752,0.7361841191238208,WhiteSeymore.2003,NA
Pseudantechinus_macdonnellensis,Dasyuromorphia,Dasyuridae,Pseudantechinus_macdonnellensis,43.1,27.2,1.6344772701607315,1.1176745796745997,WhiteSeymore.2003,NA
Sarcophilus_harrisii,Dasyuromorphia,Dasyuridae,Sarcophilus_harrisii,5775,1325.4,3.761551988564182,2.8054526418954797,WhiteSeymore.2003,NA
Sminthopsis_crassicaudata,Dasyuromorphia,Dasyuridae,Sminthopsis_crassicaudata,16.4,25.1,1.2148438480476977,1.0827793971214392,WhiteSeymore.2003,NA
Sminthopsis_macroura,Dasyuromorphia,Dasyuridae,Sminthopsis_macroura,19.35,22.5,1.2866809693549301,1.0352881937517635,WhiteSeymore.2003,NA
Sminthopsis_murina,Dasyuromorphia,Dasyuridae,Sminthopsis_murina,19,21.5,1.2787536009528289,1.0155441355560064,WhiteSeymore.2003,NA
Myrmecobius_fasciatus,Dasyuromorphia,Myrmecobiidae,Myrmecobius_fasciatus,400,142.4,2.6020599913279625,1.8366156649412386,WhiteSeymore.2003,NA
Caluromys_derbianus,Didelphimorphia,Didelphidae,Caluromys_derbianus,329,225,2.5171958979499744,2.0352881937517635,WhiteSeymore.2003,NA
Chironectes_minimus,Didelphimorphia,Didelphidae,Chironectes_minimus,935,457,2.9708116108725178,2.3430218757102512,WhiteSeymore.2003,NA
Didelphis_marsupialis,Didelphimorphia,Didelphidae,Didelphis_marsupialis,1165,571,3.0663259253620376,2.4397417838862494,WhiteSeymore.2003,NA
Didelphis_virginiana,Didelphimorphia,Didelphidae,Didelphis_virginiana,2488,832,3.3958503760187813,2.603229001931125,WhiteSeymore.2003,NA
Lutreolina_crassicaudata,Didelphimorphia,Didelphidae,Lutreolina_crassicaudata,812,406,2.9095560292411755,2.291631709217595,WhiteSeymore.2003,NA
Philander_opossum,Didelphimorphia,Didelphidae,Philander_opossum,751,338,2.8756399370041685,2.212022375918056,WhiteSeymore.2003,NA
Gracilinanus_microtarsus,Didelphimorphia,Didelphidae,Gracilinanus_microtarsus,13,19,1.1139433523068367,0.96185927659323,WhiteSeymore.2003,NA
Marmosa_robinsoni,Didelphimorphia,Didelphidae,Marmosa_robinsoni,122,98,2.0863598306747484,1.674331751332896,WhiteSeymore.2003,NA
Metachirus_nudicaudatus,Didelphimorphia,Didelphidae,Metachirus_nudicaudatus,336,205,2.526339277389844,1.9948595366961552,WhiteSeymore.2003,NA
Monodelphis_brevicaudata,Didelphimorphia,Didelphidae,Monodelphis_brevicaudata,75.5,57,1.8779469516291882,1.4389805313128925,WhiteSeymore.2003,NA
Monodelphis_domestica,Didelphimorphia,Didelphidae,Monodelphis_domestica,104,60,2.0170333392987803,1.4612569260240447,WhiteSeymore.2003,NA
Acrobates_pygmaeus,Diprotodontia,Acrobatidae,Acrobates_pygmaeus,14,15.1,1.146128035678238,0.8620826229335705,WhiteSeymore.2003,NA
Burramys_parvus,Diprotodontia,Burramyidae,Burramys_parvus,44.3,36.8,1.6464037262230695,1.2489534943139187,WhiteSeymore.2003,NA
Cercartetus_concinnus,Diprotodontia,Burramyidae,Cercartetus_conncinnus,18.6,22.3,1.2695129442179163,1.0314105386885617,WhiteSeymore.2003,NA
Cercartetus_lepidus,Diprotodontia,Burramyidae,Cercartetus_lepidus,12.6,18.8,1.100370545117563,0.957263524904081,WhiteSeymore.2003,NA
Cercartetus_nanus,Diprotodontia,Burramyidae,Cercartetus_nanus,70,60.2,1.845098040014257,1.4627021668982256,WhiteSeymore.2003,NA
Dendrolagus_matschiei,Diprotodontia,Macropodidae,Dendrolagus_matschiei,6960,1426.8,3.842609239610562,2.8374687763067175,WhiteSeymore.2003,NA
Lagorchestes_conspicillatus,Diprotodontia,Macropodidae,Lagorchestes_conspicillatus,2660,851.2,3.424881636631067,2.613137290591374,WhiteSeymore.2003,NA
Macropus_eugenii,Diprotodontia,Macropodidae,Macropus_eugenii,4878,1390.2,3.688241795977712,2.8261829598140205,WhiteSeymore.2003,NA
Macropus_robustus,Diprotodontia,Macropodidae,Macropus_robustus,29300,5684.2,4.466867620354109,3.4377750259247364,WhiteSeymore.2003,NA
Macropus_rufus,Diprotodontia,Macropodidae,Macropus_rufus,32490,5848.2,4.511749711344983,3.4501278920886898,WhiteSeymore.2003,NA
Setonix_brachyurus,Diprotodontia,Macropodidae,Setonyx_brachyurus,2674,834.3,3.4271614029259654,2.604427919224223,WhiteSeymore.2003,NA
Petaurus_breviceps,Diprotodontia,Petauridae,Petaurus_breviceps,127,89.9,2.103803720955957,1.63686536737363,WhiteSeymore.2003,NA
Gymnobelideus_leadbeateri,Diprotodontia,Petauridae,Gymnobelideus_leadbeateri,166,102.9,2.220108088040055,1.695521050402834,WhiteSeymore.2003,NA
Spilocuscus_maculatus,Diprotodontia,Phalangeridae,Spilocuscus_maculatus,4250,1143.3,3.6283889300503116,2.741265879132231,WhiteSeymore.2003,NA
Trichosurus_vulpecula,Diprotodontia,Phalangeridae,Trichosurus_vulpecula,2005,731.6,3.302114376956201,2.5473793724447806,WhiteSeymore.2003,NA
Phascolarctos_cinereus,Diprotodontia,Phascolarctidae,Phascolarctos_cinereus,4765,1034,3.6780629049743454,2.697626214398325,WhiteSeymore.2003,NA
Bettongia_gaimardi,Diprotodontia,Potoroidae,Bettongia_gaimardi,1385,641.3,3.1414497734004674,2.4901669155576402,WhiteSeymore.2003,NA
Bettongia_penicillata,Diprotodontia,Potoroidae,Bettongia_penicillata,1018,561.4,3.00774777800074,2.4323780839388216,WhiteSeymore.2003,NA
Potorous_tridactylus,Diprotodontia,Potoroidae,Potorous_tridactylus,976,416.4,2.9894498176666917,2.3026163964788995,WhiteSeymore.2003,NA
Aepyprymnus_rufescens,Diprotodontia,Potoroidae,Aepyprimnus_rufescens,2820,1071.6,3.450249108319361,2.7131383805765723,WhiteSeymore.2003,NA
Petauroides_volans,Diprotodontia,Pseudocheiridae,Petauroides_volans,1141,573.9,3.0572856444182146,2.4419419003873593,WhiteSeymore.2003,NA
Pseudocheirus_occidentalis,Diprotodontia,Pseudocheiridae,Pseudocheirus_occidentalis,861,409,2.935003151453655,2.2948289836477427,WhiteSeymore.2003,NA
Pseudocheirus_peregrinus,Diprotodontia,Pseudocheiridae,Pseudocheirus_peregrinus,916,430.5,2.9618954736678504,2.3170788314300745,WhiteSeymore.2003,NA
Tarsipes_rostratus,Diprotodontia,Tarsipedidae,Tarsipes_rostratus,10,29,1,1.1455036735393571,WhiteSeymore.2003,NA
Lasiorhinus_latifrons,Diprotodontia,Vombatidae,Lasiorhinus_latifrons,29917,2991.7,4.475918041439468,3.159023717079869,WhiteSeymore.2003,NA
Notoryctes_caurinus,Notoryctemorphia,Notoryctidae,Notoryctes_caurinus,34,21.4,1.5314789170422551,1.013519448989592,WhiteSeymore.2003,NA
Echymipera_kalubu,Peramelemorphia,Peramelidae,Echymipera_kalabu,695,341,2.8419848045901137,2.215860054632899,WhiteSeymore.2003,NA
Echymipera_rufescens,Peramelemorphia,Peramelidae,Echymipera_rufescens_australis,616,302,2.7895807121644256,2.1631126185975518,WhiteSeymore.2003,NA
Echymipera_rufescens,Peramelemorphia,Peramelidae,Echymipera_rufescens_rufescens,1276,541,3.1058506743851435,2.4163029407469705,WhiteSeymore.2003,NA
Isoodon_auratus,Peramelemorphia,Peramelidae,Isoodon_auratus,428,150,2.6314437690131722,1.8591969346960824,WhiteSeymore.2003,NA
Isoodon_macrourus,Peramelemorphia,Peramelidae,Isoodon_macrourus,1551,574,3.190611797813605,2.4420175680383744,WhiteSeymore.2003,NA
Isoodon_obesulus,Peramelemorphia,Peramelidae,Isoodon_obesulus,717,222,2.8555191556678,2.0294586500910397,WhiteSeymore.2003,NA
Macrotis_lagotis,Peramelemorphia,Thylacomyidae,Macrotis_lagotis,1294,450,3.1119342763326814,2.3363181894157448,WhiteSeymore.2003,NA
Perameles_gunnii,Peramelemorphia,Peramelidae,Perameles_gunni,837,420,2.92272545799326,2.3063549660383016,WhiteSeymore.2003,NA
Perameles_nasuta,Peramelemorphia,Peramelidae,Perameles_nasuta,645,316,2.8095597146352675,2.182792758258805,WhiteSeymore.2003,NA
Ornithorhynchus_anatinus,Monotremata,Ornithorhynchidae,Ornithorhynchus_anatinus,693,194,2.8407332346118066,1.970907405570627,WhiteSeymore.2003,NA
Zaglossus_bruijnii,Monotremata,Tachyglossidae,Zaglossus_bruijni,10300,1215,4.012837224705172,2.767681953574732,WhiteSeymore.2003,NA
Tachyglossus_aculeatus,Monotremata,Tachyglossidae,Tachyglossus_aculeatus,2725,431,3.4353665066126613,2.3175829458011328,WhiteSeymore.2003,NA
Tachyglossus_aculeatus,Monotremata,Tachyglossidae,Tachyglossus_setosus,3580,548,3.5538830266438746,2.4218862341247704,WhiteSeymore.2003,NA
Camelus_dromedarius,Cetartiodactyla,Camelidae,Camelus_dromedarius,407000,40293,5.60959440922522,4.288335279463171,PanTHERIA.2008,NA
Canis_latrans,Carnivora,Canidae,Canis_latrans,10450,3699,4.019116290447073,3.2511900069557953,PanTHERIA.2008,NA
Canis_lupus,Carnivora,Canidae,Canis_lupus,33100,11254.2,4.519827993775719,3.7344203044363904,PanTHERIA.2008,NA
Calomys_callosus,Rodentia,Calomyscidae,Calomys_callosus,48,55.82,1.6812412373755872,1.4298955077930133,PanTHERIA.2008,NA
Cercartetus_nanus,Diprotodontia,Burramyidae,Cercartetus_nanus,65,55.9,1.8129133566428555,1.4305174835268244,PanTHERIA.2008,NA
Chaetodipus_baileyi,Rodentia,Heteromyidae,Chaetodipus_baileyi,29.1,38,1.4638929889859074,1.2628892722572111,PanTHERIA.2008,NA
Chaetodipus_fallax,Rodentia,Heteromyidae,Chaetodipus_fallax,19.9,30.2,1.2988530764097066,1.1631126185975518,PanTHERIA.2008,NA
Chaetodipus_hispidus,Rodentia,Heteromyidae,Chaetodipus_hispidus,37.4,48.41,1.57287160220048,1.3680407582812908,PanTHERIA.2008,NA
Chaetodipus_intermedius,Rodentia,Heteromyidae,Chaetodipus_intermedius,14.6,15.62,1.1643528557844371,0.8767867051816826,PanTHERIA.2008,NA
Crocidura_hildegardeae,Eulipotyphla,Soricidae,Crocidura_hildegardeae,11.5,29.9,1.0606978403536116,1.1587768639648306,PanTHERIA.2008,NA
Crocidura_russula,Eulipotyphla,Soricidae,Crocidura_russula,10.1,29.79,1.0043213737826426,1.1571761788554447,PanTHERIA.2008,NA
Eremitalpa_granti,Afrosoricida,Chrysochloridae,Eremitalpa_granti,26.1,15.39,1.416640507338281,0.8703442954718797,PanTHERIA.2008,NA
Erinaceus_europaeus,Eulipotyphla,Erinaceidae,Erinaceus_europaeus,970.6,404.6,2.987040286979267,2.2901315540751868,PanTHERIA.2008,NA
Blarina_brevicauda,Eulipotyphla,Soricidae,Blarina_brevicauda,20.4,59.36,1.3096301674258988,1.4565995679113717,PanTHERIA.2008,NA
Didelphis_marsupialis,Didelphimorphia,Didelphidae,Didelphis_marsupialis,1329,611.34,3.123524980942732,2.4693884882647072,PanTHERIA.2008,NA
Didelphis_virginiana,Didelphimorphia,Didelphidae,Didelphis_virginiana,2951.5,719.07,3.4700427875572135,2.539876845764544,PanTHERIA.2008,NA
Gerbillus_dasyurus,Rodentia,Muridae,Dipodillus_dasyurus,27.6,13.46,1.4409090820652177,0.8121507355283591,PanTHERIA.2008,NA
Elephantulus_myurus,Macroscelidea,Macroscelididae,Elephantulus_myurus,65.2,78.24,1.8142475957319202,1.576534517419946,PanTHERIA.2008,NA
Heterocephalus_glaber,Rodentia,Bathyergidae,Heterocephalus_glaber,39.25,25.74,1.5938396610812713,1.093714218208769,PanTHERIA.2008,NA
Heterohyrax_brucei,Hyracoidea,Procaviidae,Heterohyrax_brucei,1287,669.24,3.1095785469043866,2.508687566179587,PanTHERIA.2008,NA
Herpestes_sanguineus,Carnivora,Herpestidae,Galerella_sanguinea,490,372.6,2.690196080028514,2.254348526200625,PanTHERIA.2008,NA
Gerbillus_gerbillus,Rodentia,Muridae,Gerbillus_gerbillus,29.2,15.53,1.4653828514484182,0.8742771313689596,PanTHERIA.2008,NA
Bassariscus_sumichrasti,Carnivora,Procyonidae,Bassariscus_sumichrasti,906,448.2,2.957128197676813,2.3345775278394436,PanTHERIA.2008,NA
Bathyergus_suillus,Rodentia,Bathyergidae,Bathyergus_suillus,666,322.78,2.823474229170301,2.192012292896355,PanTHERIA.2008,NA
Bettongia_penicillata,Diprotodontia,Potoroidae,Bettongia_penicillata,1070,492.2,3.0293837776852097,2.375247285007185,PanTHERIA.2008,NA
Chinchilla_lanigera,Rodentia,Chinchillidae,Chinchilla_lanigera,403,282.1,2.6053050461411096,2.1335087617957673,PanTHERIA.2008,NA
Chironectes_minimus,Didelphimorphia,Didelphidae,Chironectes_minimus,946,548.68,2.975891136401793,2.422424805605131,PanTHERIA.2008,NA
Cabassous_centralis,Cingulata,CingulataFam,Cabassous_centralis,3810,811.53,3.5809249756756194,2.5924102547547583,PanTHERIA.2008,NA
Capreolus_capreolus,Cetartiodactyla,Cervidae,Capreolus_capreolus,190000,78470,5.278753600952829,4.577809328249631,PanTHERIA.2008,NA
Crocidura_jouvenetae,Eulipotyphla,Soricidae,Crocidura_jouvenetae,9.5,20.9,0.9777236052888477,1.003251961751455,PanTHERIA.2008,NA
Crocidura_luna,Eulipotyphla,Soricidae,Crocidura_luna,12.8,26.88,1.1072099696478683,1.1125349400221887,PanTHERIA.2008,NA
Choloepus_hoffmanni,Pilosa,Megalonychidae,Choloepus_hoffmanni,4010,697.74,3.603144372620182,2.5267992965431834,PanTHERIA.2008,NA
Chrysochloris_asiatica,Afrosoricida,Chrysochloridae,Chrysochloris_asiatica,34,40.8,1.5314789170422551,1.293765838730281,PanTHERIA.2008,NA
Connochaetes_taurinus,Cetartiodactyla,Bovidae,Connochaetes_taurinus,90000,26460,4.954242509439325,4.105695515491883,PanTHERIA.2008,NA
Cricetomys_gambianus,Rodentia,Nesomyidae,Cricetomys_gambianus,1521.4,1022.38,3.1822434119190004,2.692718020783174,PanTHERIA.2008,NA
Crocidura_viaria,Eulipotyphla,Soricidae,Crocidura_viaria,15.3,22.95,1.1846914308175989,1.043888365513681,PanTHERIA.2008,NA
Cryptomys_hottentotus,Rodentia,Bathyergidae,Cryptomys_amatus,77,48.51,1.8864907251724818,1.3689369502664648,PanTHERIA.2008,NA
Fukomys_damarensis,Rodentia,Bathyergidae,Cryptomys_damarensis,128,76.87,2.1072099696478683,1.5688625567096686,PanTHERIA.2008,NA
Fukomys_darlingi,Rodentia,Bathyergidae,Cryptomys_darlingi,81,67.23,1.9084850188786497,1.5106687868951247,PanTHERIA.2008,NA
Cryptomys_hottentotus,Rodentia,Bathyergidae,Cryptomys_hottentotus,95,74.55,1.9777236052888478,1.5555533234294143,PanTHERIA.2008,NA
Cryptotis_parva,Eulipotyphla,Soricidae,Cryptotis_parva,6.38,44.66,0.8048206787211624,1.3330243943758202,PanTHERIA.2008,NA
Dasycercus_cristicauda,Dasyuromorphia,Dasyuridae,Dasycercus_cristicauda,91,46.62,1.9590413923210936,1.351677944824959,PanTHERIA.2008,NA
Dasyuroides_byrnei,Dasyuromorphia,Dasyuridae,Dasyuroides_byrnei,102.75,79.64,2.0117818305481068,1.584236926995773,PanTHERIA.2008,NA
Dasyurus_geoffroii,Dasyuromorphia,Dasyuridae,Dasyurus_geoffroii,1227,507.09,3.088844562727004,2.3881907218269234,PanTHERIA.2008,NA
Dasyurus_hallucatus,Dasyuromorphia,Dasyuridae,Dasyurus_hallucatus,584,297.84,2.7664128471123997,2.1570886988507367,PanTHERIA.2008,NA
Dipodomys_microps,Rodentia,Heteromyidae,Dipodomys_microps,55.7,60.15,1.745855195173729,1.4623413073162645,PanTHERIA.2008,NA
Dipodomys_panamintinus,Rodentia,Heteromyidae,Dipodomys_panamintinus,56.9,68.28,1.7551122663950711,1.517399188083097,PanTHERIA.2008,NA
Echymipera_rufescens,Peramelemorphia,Peramelidae,Echymipera_rufescens,836,392.92,2.9222062774390163,2.277409811015135,PanTHERIA.2008,NA
Eira_barbara,Carnivora,Mustelidae,Eira_barbara,4135,1711.8,3.6164755138885654,2.916558697681121,PanTHERIA.2008,NA
Genetta_tigrina,Carnivora,Viverridae,Genetta_tigrina,1879,826.86,3.2739267801005254,2.600537658742569,PanTHERIA.2008,NA
Geomys_bursarius,Rodentia,Geomyidae,Geomys_bursarius,237.5,194.05,2.3756636139608855,1.9710193227164348,PanTHERIA.2008,NA
Geomys_pinetis,Rodentia,Geomyidae,Geomys_pinetis,201.5,139,2.3042750504771283,1.8261204758944962,PanTHERIA.2008,NA
Georychus_capensis,Rodentia,Bathyergidae,Georychus_capensis,186,109.74,2.2695129442179165,1.7234706315004615,PanTHERIA.2008,NA
Gerbilliscus_afra,Rodentia,Muridae,Gerbilliscus_afra,106.5,252.67,2.0273496077747564,2.085659355993652,PanTHERIA.2008,NA
Gerbilliscus_leucogaster,Rodentia,Muridae,Gerbilliscus_leucogaster,120,114.17,2.0791812460476247,1.7406576766949338,PanTHERIA.2008,NA
Gerbillurus_paeba,Rodentia,Muridae,Gerbillurus_paeba,33.9,27.23,1.530199698203082,1.1181533169803657,PanTHERIA.2008,NA
Gerbillurus_setzeri,Rodentia,Muridae,Gerbillurus_setzeri,46.1,32.73,1.6637009253896482,1.1980516809484052,PanTHERIA.2008,NA
Gerbillurus_tytonis,Rodentia,Muridae,Gerbillurus_tytonis,29.9,23.74,1.4756711883244296,1.0585863902589734,PanTHERIA.2008,NA
Gerbillurus_vallinus,Rodentia,Muridae,Gerbillurus_vallinus,38.8,28.61,1.5888317255942073,1.1396235334456637,PanTHERIA.2008,NA
Gerbillus_andersoni,Rodentia,Muridae,Gerbillus_andersoni,35.3,30.83,1.5477747053878226,1.1720792003669094,PanTHERIA.2008,NA
Gulo_gulo,Carnivora,Mustelidae,Gulo_gulo,11600,4906.8,4.064457989226918,3.373904032242362,PanTHERIA.2008,NA
Herpestes_javanicus,Carnivora,Herpestidae,Herpestes_javanicus,780,585,2.8920946026904804,2.4502615417225817,PanTHERIA.2008,NA
Felis_silvestris,Carnivora,Felidae,Felis_silvestris,4485,3184.2,3.651762447380111,3.18610601365343,PanTHERIA.2008,NA
Fossa_fossana,Carnivora,Eupleridae,Fossa_fossana,2030,812.6,3.307496037913213,2.5929824936307937,PanTHERIA.2008,NA
Galagoides_demidoff,Primates,Galagidae,Galago_demidoff,63.8,63.2,1.8048206787211623,1.4838227539227862,PanTHERIA.2008,NA
Galago_senegalensis,Primates,Galagidae,Galago_senegalensis,223.25,167.6,2.348791467560584,1.9073796899346587,PanTHERIA.2008,NA
Gerbillus_nanus,Rodentia,Muridae,Gerbillus_nanus,29.85,17.44,1.474944335465388,0.9246521562369494,PanTHERIA.2008,NA
Gerbillus_perpallidus,Rodentia,Muridae,Gerbillus_perpallidus,54.7,46.65,1.737987326333431,1.3519573237229197,PanTHERIA.2008,NA
Gerbillus_pyramidum,Rodentia,Muridae,Gerbillus_pyramidum,80.9,81.37,1.9079485216122722,1.5935699916360146,PanTHERIA.2008,NA
Glaucomys_volans,Rodentia,Sciuridae,Glaucomys_volans,73,67.05,1.863322860120456,1.5095044578280188,PanTHERIA.2008,NA
Hyaena_hyaena,Carnivora,Hyaenidae,Hyaena_hyaena,26800,4582.8,4.4281347940287885,3.344236580061344,PanTHERIA.2008,NA
Kobus_ellipsiprymnus,Cetartiodactyla,Bovidae,Kobus_ellipsiprymnus,100000,26700,5,4.109616937004977,PanTHERIA.2008,NA
Lagorchestes_conspicillatus,Diprotodontia,Macropodidae,Lagorchestes_conspicillatus,2260,723.2,3.3541084391474008,2.542364093107708,PanTHERIA.2008,NA
Phataginus_tricuspis,Pholidota,Manidae,Manis_tricuspis,2730,864.04,3.436162647040756,2.619639523879901,PanTHERIA.2008,NA
Meriones_tristrami,Rodentia,Muridae,Meriones_tristrami,112,184.01,2.0492180226701815,1.947947100969549,PanTHERIA.2008,NA
Meriones_unguiculatus,Rodentia,Muridae,Meriones_unguiculatus,70,99.4,1.845098040014257,1.6804920600377145,PanTHERIA.2008,NA
Monodelphis_brevicaudata,Didelphimorphia,Didelphidae,Monodelphis_brevicaudata,93.5,68.14,1.9708116108725178,1.5165078048722596,PanTHERIA.2008,NA
Marmota_marmota,Rodentia,Sciuridae,Marmota_marmota,1868,1008.72,3.2713768718940743,2.686876307357444,PanTHERIA.2008,NA
Lemmus_sibiricus,Rodentia,Cricetidae,Lemmus_sibiricus,53.3,101.47,1.7267272090265722,1.6894433360149521,PanTHERIA.2008,NA
Leopardus_pardalis,Carnivora,Felidae,Leopardus_pardalis,11880,3682.8,4.074816440645175,3.2492838101198487,PanTHERIA.2008,NA
Lepilemur_mustelinus,Primates,Lepilemuridae,Lepilemur_mustelinus,693,225,2.8407332346118066,2.0352881937517635,PanTHERIA.2008,NA
Leptailurus_serval,Carnivora,Felidae,Leptailurus_serval,1012,258.06,3.0051805125037805,2.0948263685781368,PanTHERIA.2008,NA
Lepus_alleni,Lagomorpha,Leporidae,Lepus_alleni,3250,1787.5,3.5118833609788744,2.9353517261135194,PanTHERIA.2008,NA
Lepus_americanus,Lagomorpha,Leporidae,Lepus_americanus,1562.8,1250.24,3.193903402552747,2.7800990651850914,PanTHERIA.2008,NA
Lepus_townsendii,Lagomorpha,Leporidae,Lepus_townsendii,2620,1506.5,3.4183012913197452,2.861074811649777,PanTHERIA.2008,NA
Limnogale_mergulus,Afrosoricida,Tenrecidae,Limnogale_mergulus,77.7,72.31,1.8904210188009143,1.5423040371742787,PanTHERIA.2008,NA
Loris_tardigradus,Primates,Lorisidae,Loris_tardigradus,128,284,2.1072099696478683,2.136424015687439,PanTHERIA.2008,NA
Lutra_lutra,Carnivora,Mustelidae,Lutra_lutra,8900,4005,3.949390006644913,3.2857081960606576,PanTHERIA.2008,NA
Lycaon_pictus,Carnivora,Canidae,Lycaon_pictus,15375,10259.65,4.186815124447454,3.694238221049593,PanTHERIA.2008,NA
Lynx_rufus,Carnivora,Felidae,Lynx_rufus,6200,2665.2,3.792391689498254,3.1088354802365,PanTHERIA.2008,NA
Macaca_mulatta,Primates,Cercopithecidae,Macaca_mulatta,6225,2239,3.794139355767774,3.033159769219431,PanTHERIA.2008,NA
Meriones_hurrianae,Rodentia,Muridae,Meriones_hurrianae,72.3,64.49,1.8591382972945307,1.492598052577743,PanTHERIA.2008,NA
Macropus_parma,Diprotodontia,Macropodidae,Macropus_parma,3750,1376.25,3.574031267727719,2.8218030076202094,PanTHERIA.2008,NA
Macrotis_lagotis,Peramelemorphia,Thylacomyidae,Macrotis_lagotis,1138,400.19,3.056142262059052,2.2853719078689303,PanTHERIA.2008,NA
Madoqua_kirkii,Cetartiodactyla,Bovidae,Madoqua_kirkii,4290,2145,3.6324572921847245,3.014532972161144,PanTHERIA.2008,NA
Martes_martes,Carnivora,Mustelidae,Martes_martes,1185.5,948.6,3.073901558314207,2.6601887959562536,PanTHERIA.2008,NA
Melursus_ursinus,Carnivora,Ursidae,Melursus_ursinus,100747.02,12694.2,5.003232208989857,3.7867110120803,PanTHERIA.2008,NA
Mephitis_mephitis,Carnivora,Mephitidae,Mephitis_mephitis,2400,638.4,3.380211241711606,2.488198553983074,PanTHERIA.2008,NA
Microtus_montanus,Rodentia,Cricetidae,Microtus_montanus,30.8,81.62,1.4885507165004443,1.594902266077653,PanTHERIA.2008,NA
Microtus_pennsylvanicus,Rodentia,Cricetidae,Microtus_pennsylvanicus,58.1,105.57,1.7641761323903307,1.7066461971952551,PanTHERIA.2008,NA
Microtus_pinetorum,Rodentia,Cricetidae,Microtus_pinetorum,24.5,55.93,1.3891660843645324,1.4307504949686494,PanTHERIA.2008,NA
Aethomys_namaquensis,Rodentia,Muridae,Micaelamys_namaquensis,57.3,48.13,1.75815462196739,1.3655215373177596,PanTHERIA.2008,NA
Microcebus_murinus,Primates,Cheirogaleidae,Microcebus_murinus,101.05,125.84,2.004536317851323,1.7829243852556316,PanTHERIA.2008,NA
Microgale_dobsoni,Afrosoricida,Tenrecidae,Microgale_dobsoni,44.6,41.92,1.649334858712142,1.3055269496160713,PanTHERIA.2008,NA
Microtus_arvalis,Rodentia,Cricetidae,Microtus_arvalis,22,61,1.3424226808222062,1.4684355106511682,PanTHERIA.2008,NA
Microtus_canicaudus,Rodentia,Cricetidae,Microtus_canicaudus,30.4,77.82,1.4828735836087537,1.5741969021081248,PanTHERIA.2008,NA
Myrmecobius_fasciatus,Dasyuromorphia,Myrmecobiidae,Myrmecobius_fasciatus,440,164.8,2.6434526764861874,1.900062883001498,PanTHERIA.2008,NA
Nandinia_binotata,Carnivora,Nandiniidae,Nandinia_binotata,3121.25,809.25,3.494328555359404,2.591188383715012,PanTHERIA.2008,NA
Microtus_longicaudus,Rodentia,Cricetidae,Microtus_longicaudus,30.2,71.82,1.4800069429571505,1.5393510764304552,PanTHERIA.2008,NA
Mus_minutoides,Rodentia,Muridae,Mus_minutoides,7.92,22.19,0.8987251815894935,1.0292629778724094,PanTHERIA.2008,NA
Mus_musculus,Rodentia,Muridae,Mus_musculus,35.7,56.76,1.5526682161121932,1.4371480624258375,PanTHERIA.2008,NA
Mustela_frenata,Carnivora,Mustelidae,Mustela_frenata,204.38,206.4,2.310438394815848,1.9978153685955748,PanTHERIA.2008,NA
Mustela_nivalis,Carnivora,Mustelidae,Mustela_nivalis,76.46,204.6,1.8834342936830093,1.9940113050165424,PanTHERIA.2008,NA
Mustela_putorius,Carnivora,Mustelidae,Mustela_putorius,1030,847.8,3.012837224705172,2.6113990878726034,PanTHERIA.2008,NA
Myodes_gapperi,Rodentia,Cricetidae,Myodes_gapperi,22.65,54.72,1.3550682063488506,1.421251764352461,PanTHERIA.2008,NA
Myodes_glareolus,Rodentia,Cricetidae,Myodes_glareolus,21.9,57.2,1.3404441148401183,1.4405017044334252,PanTHERIA.2008,NA
Myodes_rutilus,Rodentia,Cricetidae,Myodes_rutilus,21.5,62.87,1.3324384599156054,1.4815491359905886,PanTHERIA.2008,NA
Nasua_narica,Carnivora,Procyonidae,Nasua_narica,4460,2305.8,3.649334858712142,3.0459273104883935,PanTHERIA.2008,NA
Neomys_fodiens,Eulipotyphla,Soricidae,Neomys_fodiens,14.1,66.83,1.14921911265538,1.5080771367640944,PanTHERIA.2008,NA
Neotoma_lepida,Rodentia,Cricetidae,Neotoma_lepida,119.2,90.69,2.076276255404218,1.6406650775378806,PanTHERIA.2008,NA
Ondatra_zibethicus,Rodentia,Cricetidae,Ondatra_zibethicus,1067.3,841.27,3.0282865094262776,2.608041077729956,PanTHERIA.2008,NA
Notomys_cervinus,Rodentia,Muridae,Notomys_cervinus,33.2,44.15,1.5211380837040362,1.3280363835539886,PanTHERIA.2008,NA
Nyctereutes_procyonoides,Carnivora,Canidae,Nyctereutes_procyonoides,4215,1739.4,3.624797578960761,2.9235051413790423,PanTHERIA.2008,NA
Nycticebus_coucang,Primates,Lorisidae,Nycticebus_coucang,960,240,2.9822712330395684,2.063316917352007,PanTHERIA.2008,NA
Oreamnos_americanus,Cetartiodactyla,Bovidae,Oreamnos_americanus,32000,8320,4.505149978319906,3.603229001931125,PanTHERIA.2008,NA
Ornithorhynchus_anatinus,Monotremata,Ornithorhynchidae,Ornithorhynchus_anatinus,1315,477.34,3.1189257528257768,2.361933504415608,PanTHERIA.2008,NA
Oryzorictes_hova,Afrosoricida,Tenrecidae,Oryzorictes_hova,44.4,68.7,1.6473829701146199,1.5200624126999516,PanTHERIA.2008,NA
Otolemur_crassicaudatus,Primates,Galagidae,Otolemur_crassicaudatus,977,457.15,2.989894563718773,2.343164399744316,PanTHERIA.2008,NA
Ovis_canadensis,Cetartiodactyla,Bovidae,Ovis_canadensis,65000,22100,4.812913356642856,4.027497949325512,PanTHERIA.2008,NA
Pan_troglodytes,Primates,Hominidae,Pan_troglodytes,34150,9000,4.533390708017551,3.637348185079726,PanTHERIA.2008,NA
Panthera_leo,Carnivora,Felidae,Panthera_leo,155800,27420.6,5.192567453336546,4.121182629151453,PanTHERIA.2008,NA
Panthera_onca,Carnivora,Felidae,Panthera_onca,86200,15861,4.935507265824713,3.883436240765175,PanTHERIA.2008,NA
Panthera_tigris,Carnivora,Felidae,Panthera_tigris,161000,28497,5.20682587603185,4.137904818034057,PanTHERIA.2008,NA
Phodopus_campbelli,Rodentia,Cricetidae,Phodopus_campbelli,31.4,59.03,1.4969296480732148,1.4541784588615958,PanTHERIA.2008,NA
Phodopus_sungorus,Rodentia,Cricetidae,Phodopus_sungorus,35.9,76.1,1.5550944485783191,1.564490332410974,PanTHERIA.2008,NA
Paradoxurus_hermaphroditus,Carnivora,Viverridae,Paradoxurus_hermaphroditus,3205,695.85,3.5058280338548364,2.5256213072148417,PanTHERIA.2008,NA
Paraxerus_palliatus,Rodentia,Sciuridae,Paraxerus_palliatus,286.3,217.69,2.456821348021599,2.0209441550050222,PanTHERIA.2008,NA
Perognathus_longimembris,Rodentia,Heteromyidae,Perognathus_longimembris,8.2,12.58,0.9138138523837167,0.7827863167496513,PanTHERIA.2008,NA
Peromyscus_crinitus,Rodentia,Cricetidae,Peromyscus_crinitus,19.75,28.02,1.295567099962479,1.130573806590157,PanTHERIA.2008,NA
Peromyscus_eremicus,Rodentia,Cricetidae,Peromyscus_eremicus,21.5,29.61,1.3324384599156054,1.1545440830297002,PanTHERIA.2008,NA
Peromyscus_leucopus,Rodentia,Cricetidae,Peromyscus_leucopus,21.4,33.91,1.3304137733491908,1.2134334654184873,PanTHERIA.2008,NA
Peromyscus_maniculatus,Rodentia,Cricetidae,Peromyscus_maniculatus,19.2,36.46,1.2833012287035497,1.2449223399593587,PanTHERIA.2008,NA
Peromyscus_truei,Rodentia,Cricetidae,Peromyscus_truei,33,44.05,1.5185139398778875,1.3270515883884677,PanTHERIA.2008,NA
Petauroides_volans,Diprotodontia,Pseudocheiridae,Petauroides_volans,1070,493.5,3.0293837776852097,2.3763928326460566,PanTHERIA.2008,NA
Petrodromus_tetradactylus,Macroscelidea,Macroscelididae,Petrodromus_tetradactylus,208,153.92,2.3180633349627615,1.8704007303341388,PanTHERIA.2008,NA
Philantomba_monticola,Cetartiodactyla,Bovidae,Philantomba_monticola,4200,1806,3.6232492903979003,2.9398234216178882,PanTHERIA.2008,NA
Sorex_minutus,Eulipotyphla,Soricidae,Sorex_minutus,4.2,32.84,0.6232492903979004,1.1995088240878042,PanTHERIA.2008,NA
Phyllotis_xanthopygus,Rodentia,Cricetidae,Phyllotis_xanthopygus,42.5,55.51,1.6283889300503116,1.4274769029722618,PanTHERIA.2008,NA
Planigale_gilesi,Dasyuromorphia,Dasyuridae,Planigale_gilesi,9.45,13.1,0.9754318085092629,0.8003769712961654,PanTHERIA.2008,NA
Planigale_ingrami,Dasyuromorphia,Dasyuridae,Planigale_ingrami,7.05,13.09,0.8481891169913987,0.8000453221911569,PanTHERIA.2008,NA
Planigale_maculata,Dasyuromorphia,Dasyuridae,Planigale_maculata,12.05,12.85,1.0809870469108873,0.7920088033077145,PanTHERIA.2008,NA
Potorous_tridactylus,Diprotodontia,Potoroidae,Potorous_tridactylus,1077.5,487.46,3.032417278832769,2.371044659793924,PanTHERIA.2008,NA
Potos_flavus,Carnivora,Procyonidae,Potos_flavus,2157.5,731.33,3.3339508043872472,2.547219064690554,PanTHERIA.2008,NA
Procavia_capensis,Hyracoidea,Procaviidae,Procavia_capensis,2325,780,3.3664229572259727,2.5752002783308816,PanTHERIA.2008,NA
Procyon_cancrivorus,Carnivora,Procyonidae,Procyon_cancrivorus,6950,2779.8,3.8419848045901137,3.1271192262272,PanTHERIA.2008,NA
Procyon_lotor,Carnivora,Procyonidae,Procyon_lotor,5496.86,2096.43,3.7401146760230826,3.004586041487421,PanTHERIA.2008,NA
Puma_concolor,Carnivora,Felidae,Puma_concolor,51800,13300.8,4.714329759745233,3.8069834387982198,PanTHERIA.2008,NA
Raphicerus_campestris,Cetartiodactyla,Bovidae,Raphicerus_campestris,9600,3696,3.9822712330395684,3.2508376381884703,PanTHERIA.2008,NA
Spalax_leucodon,Rodentia,Spalacidae,Spalax_leucodon,151.9,127.74,2.1815577738627865,1.7894325874623673,PanTHERIA.2008,NA
Urocitellus_armatus,Rodentia,Sciuridae,Spermophilus_armatus,307,190.34,2.4871383754771865,1.9626357406158415,PanTHERIA.2008,NA
Urocitellus_beldingi,Rodentia,Sciuridae,Spermophilus_beldingi,289.8,182,2.462098381135156,1.943177063625476,PanTHERIA.2008,NA
Sarcophilus_harrisii,Dasyuromorphia,Dasyuridae,Sarcophilus_harrisii,5775,1617,3.761551988564182,2.891815695546802,PanTHERIA.2008,NA
Setifer_setosus,Afrosoricida,Tenrecidae,Setifer_setosus,352.5,94.59,2.5471591213274176,1.6589509011079682,PanTHERIA.2008,NA
Sigmodon_hispidus,Rodentia,Cricetidae,Sigmodon_hispidus,110.05,159.64,2.041590046889367,1.8862473947523866,PanTHERIA.2008,NA
Sminthopsis_crassicaudata,Dasyuromorphia,Dasyuridae,Sminthopsis_crassicaudata,14.95,19.56,1.1746411926604485,0.9744745260919837,PanTHERIA.2008,NA
Sminthopsis_macroura,Dasyuromorphia,Dasyuridae,Sminthopsis_macroura,22,23.54,1.3424226808222062,1.054912134147817,PanTHERIA.2008,NA
Sminthopsis_murina,Dasyuromorphia,Dasyuridae,Sminthopsis_murina,12.9,20.51,1.110589710299249,0.9950713360087674,PanTHERIA.2008,NA
Sorex_cinereus,Eulipotyphla,Soricidae,Sorex_cinereus,5,44.6,0.6989700043360189,1.332440534352543,PanTHERIA.2008,NA
Spalacopus_cyanus,Rodentia,Octodontidae,Spalacopus_cyanus,106.25,185.12,2.026328938722349,1.9505590172480753,PanTHERIA.2008,NA
Spalax_ehrenbergi,Rodentia,Spalacidae,Spalax_ehrenbergi,123.25,101.55,2.0907869279492677,1.6897856033812266,PanTHERIA.2008,NA
Callospermophilus_lateralis,Rodentia,Sciuridae,Spermophilus_lateralis,224.3,204.67,2.350829273582968,1.9941598652043386,PanTHERIA.2008,NA
Urocitellus_richardsonii,Rodentia,Sciuridae,Spermophilus_richardsonii,252.3,161.47,2.4019172505175748,1.8911975209160958,PanTHERIA.2008,NA
Xerospermophilus_spilosoma,Rodentia,Sciuridae,Spermophilus_spilosoma,180.3,111.78,2.255995726722402,1.7314697809202872,PanTHERIA.2008,NA
Urocitellus_townsendii,Rodentia,Sciuridae,Spermophilus_townsendii,231,129.36,2.3636119798921444,1.794905682538746,PanTHERIA.2008,NA
Ictidomys_tridecemlineatus,Rodentia,Sciuridae,Spermophilus_tridecemlineatus,182,103.74,2.2600713879850747,1.6990519192979674,PanTHERIA.2008,NA
Spilogale_putorius,Carnivora,Mephitidae,Spilogale_putorius,550,261,2.7403626894942437,2.099746182978682,PanTHERIA.2008,NA
Tragulus_javanicus,Cetartiodactyla,Tragulidae,Tragulus_javanicus,1618,872.1,3.2089785172762535,2.623671962130491,PanTHERIA.2008,NA
Trichosurus_vulpecula,Diprotodontia,Phalangeridae,Trichosurus_vulpecula,1982,624.33,3.2971036501492565,2.4785198795792582,PanTHERIA.2008,NA
Suricata_suricatta,Carnivora,Herpestidae,Suricata_suricatta,790,290.12,2.8976270912904414,2.1456833444301098,PanTHERIA.2008,NA
Tamiasciurus_hudsonicus,Rodentia,Sciuridae,Tamiasciurus_hudsonicus,209.15,233.67,2.320457868916649,2.0517086341995836,PanTHERIA.2008,NA
Acinonyx_jubatus,Carnivora,Felidae,Acinonyx_jubatus,48900,17115,4.68930885912362,3.9164825791142968,PanTHERIA.2008,NA
Antilocapra_americana,Cetartiodactyla,Antilocapridae,Antilocapra_americana,32000,8960,4.505149978319906,3.6354136853025265,PanTHERIA.2008,NA
Aotus_trivirgatus,Primates,Aotidae,Aotus_trivirgatus,972.5,459.45,2.9878896099977452,2.3453439315026547,PanTHERIA.2008,NA
Aplodontia_rufa,Rodentia,Aplodontiidae,Aplodontia_rufa,793,414.73,2.8992731873176036,2.300871127361346,PanTHERIA.2008,NA
Apodemus_flavicollis,Rodentia,Muridae,Apodemus_flavicollis,40.5,152.28,1.6074550232146685,1.8657485437827306,PanTHERIA.2008,NA
Apodemus_mystacinus,Rodentia,Muridae,Apodemus_mystacinus,42.3,70.64,1.6263403673750423,1.5321563662099134,PanTHERIA.2008,NA
Apodemus_sylvaticus,Rodentia,Muridae,Apodemus_sylvaticus,22,56.98,1.3424226808222062,1.4388281205438591,PanTHERIA.2008,NA
Arctictis_binturong,Carnivora,Viverridae,Arctictis_binturong,13640,1877.64,4.13481437032046,2.956718004251728,PanTHERIA.2008,NA
Arctocebus_calabarensis,Primates,Lorisidae,Arctocebus_calabarensis,208,87.55,2.3180633349627615,1.625361826059866,PanTHERIA.2008,NA
Arctogalidia_trivirgata,Carnivora,Viverridae,Arctogalidia_trivirgata,2400,690,3.380211241711606,2.5219547663776565,PanTHERIA.2008,NA
Arvicola_amphibius,Rodentia,Cricetidae,Arvicola_amphibius,97.5,113.1,1.9890046156985368,1.7365682805658564,PanTHERIA.2008,NA
Tatera_indica,Rodentia,Muridae,Tatera_indica,86.9,92.48,1.9390197764486665,1.649153496716855,PanTHERIA.2008,NA
Tragelaphus_oryx,Cetartiodactyla,Bovidae,Taurotragus_oryx,150000,36000,5.176091259055681,4.2394081764076885,PanTHERIA.2008,NA
Taxidea_taxus,Carnivora,Mustelidae,Taxidea_taxus,6525,1998,3.8145805160103188,2.9837011595303644,PanTHERIA.2008,NA
Tenrec_ecaudatus,Afrosoricida,Tenrecidae,Tenrec_ecaudatus,1325,287.32,3.1222158782728267,2.1414715334016625,PanTHERIA.2008,NA
Thallomys_nigricauda,Rodentia,Muridae,Thallomys_nigricauda,124.7,68.46,2.0958664534785427,1.5185425704422593,PanTHERIA.2008,NA
Thomomys_talpoides,Rodentia,Geomyidae,Thomomys_talpoides,105,128.1,2.0211892990699383,1.7906548053850873,PanTHERIA.2008,NA
Thomomys_umbrinus,Rodentia,Geomyidae,Thomomys_umbrinus,95.3,81,1.9790929006383264,1.5915906945190508,PanTHERIA.2008,NA
Thylogale_thetis,Diprotodontia,Macropodidae,Thylogale_thetis,4400,1399.2,3.6434526764861874,2.8289854721110212,PanTHERIA.2008,NA
Ursus_americanus,Carnivora,Ursidae,Ursus_americanus,110500,24365.4,5.04336227802113,4.069879221108046,PanTHERIA.2008,NA
Ursus_arctos,Carnivora,Ursidae,Ursus_arctos,162428.57,20790.6,5.210662420853826,4.000972698542293,PanTHERIA.2008,NA
Vulpes_lagopus,Carnivora,Canidae,Vulpes_lagopus,3200,1627.2,3.505149978319906,2.8945466112190705,PanTHERIA.2008,NA
Vulpes_velox,Carnivora,Canidae,Vulpes_velox,2088,1114.2,3.3197304943302246,2.7300688297638254,PanTHERIA.2008,NA
Vulpes_vulpes,Carnivora,Canidae,Vulpes_vulpes,4100,2152.8,3.6127838567197355,3.0161093603960993,PanTHERIA.2008,NA
Vulpes_zerda,Carnivora,Canidae,Vulpes_zerda,1303,467.97,3.1149444157125847,2.3533236884323334,PanTHERIA.2008,NA
Zapus_hudsonius,Rodentia,Dipodidae,Zapus_hudsonius,30,45,1.4771212547196624,1.3363181894157448,PanTHERIA.2008,NA
Canis_lupus,Carnivora,Canidae,Canis_lupus,33000,8080,4.518513939877887,3.590517036414987,Capellini.2010,NA
Vulpes_rueppellii,Carnivora,Canidae,Vulpes_rueppelli,1546,798.9,3.189209489582306,2.585598096799005,Capellini.2010,NA
Sorex_araneus,Eulipotyphla,Soricidae,Sorex_araneus,7.5,44.7,0.8750612633917001,1.3334131987723377,Capellini.2010,NA
Leontopithecus_rosalia,Primates,Callitrichidae,Leontopithecus_rosalia,733.7,381.5,2.865518519074774,2.2646002179313003,Capellini.2010,NA
Macaca_fuscata,Primates,Cercopithecidae,Macaca_fuscata,9550,4173.6,3.9800033715837464,3.3036164993547197,Capellini.2010,NA
Calomys_callosus,Rodentia,Calomyscidae,Calomys_callosus,50.1,74.7,1.6998377258672457,1.5564262774558,Capellini.2010,NA
Echymipera_rufescens,Peramelemorphia,Peramelidae,Echymipera_rufescens,751.29,421.43,2.875807608227855,2.3078311237864964,Capellini.2010,NA
Loxodonta_africana,Proboscidea,Elephantidae,Loxodonta_africana,1542000,121904.4,6.188084373714938,5.086019381264273,Langman.1995,Mass and BMR are means of 3 elephants standing
Loxodonta_africana,Proboscidea,Elephantidae,Loxodonta_africana,3672000,205016,6.564902672529205,5.311787755887732,Benedict.1938,MR of standing elephant reduced with 25 % for correction. Authors state that they probably error on the small side. 49000 cal * 4.184 kJ/cal
Equus_ferus,Perissodactyla,Equidae,Equus_ferus,203000,17400,5.307496037913213,4.2405492482825995,Benedict.1938,MR of standing animals reduced with 10 % for correction. Authors state that this is a widely tested and confirmed protocol for other ungulates. Data is lifted from a graph with a small margin of error.
Equus_ferus,Perissodactyla,Equidae,Equus_ferus,304000,21535,5.482873583608754,4.333144876098619,Benedict.1938,MR of standing animals reduced with 10 % for correction. Authors state that this is a widely tested and confirmed protocol for other ungulates. Data is lifted from a graph with a small margin of error.
Equus_ferus,Perissodactyla,Equidae,Equus_ferus,585000,42023,5.767155866082181,4.623487053232678,Benedict.1938,MR of standing animals reduced with 10 % for correction. Authors state that this is a widely tested and confirmed protocol for other ungulates. Data is lifted from a graph with a small margin of error.
Equus_ferus,Perissodactyla,Equidae,Equus_ferus,822000,58808,5.9148718175400505,4.769436409741545,Benedict.1938,MR of standing animals reduced with 10 % for correction. Authors state that this is a widely tested and confirmed protocol for other ungulates. Data is lifted from a graph with a small margin of error.
